id_patient;label;patient_status;optimal_solution;node_relevance_min;edge_relevance_min;state_relevance_min;average_length;p_max
0;5;0;18308;112;27;8;9;15
0;4;0
0;0;1
0;1;2
0;10;2
0;4;2
0;0;0
0;8;NA
1;5;0
1;2;0
1;1;0
1;9;1
1;6;1
1;10;2
1;4;2
1;0;1
1;3;0
1;8;NA
2;4;2
2;2;0
2;1;1
2;9;1
2;6;0
2;5;0
2;10;2
2;4;2
2;0;1
2;3;NA
3;4;0
3;11;2
3;0;0
3;9;2
3;1;2
3;10;2
3;4;2
3;0;2
3;3;0
3;8;NA
4;5;2
4;11;2
4;0;2
4;9;0
4;9;0
4;6;1
4;10;2
4;4;1
4;7;1
4;9;2
4;8;NA
5;4;0
5;11;0
5;9;1
5;9;0
5;6;0
5;5;1
5;10;2
5;4;2
5;0;2
5;3;NA
6;4;0
6;11;0
6;9;1
6;9;0
6;6;0
6;5;1
6;10;2
6;4;2
6;0;NA
7;5;1
7;11;2
7;0;2
7;9;2
7;6;0
7;5;1
7;10;2
7;4;2
7;0;0
7;8;NA
8;5;2
8;2;0
8;1;1
8;9;0
8;6;1
8;5;0
8;10;2
8;4;2
8;0;0
8;8;NA
9;11;2
9;0;0
9;9;0
9;9;0
9;6;1
9;5;1
9;10;2
9;4;1
9;7;2
9;0;0
9;8;NA
10;11;2
10;0;1
10;1;2
10;10;2
10;4;1
10;7;2
10;0;2
10;3;0
10;8;NA
11;5;1
11;4;1
11;0;1
11;1;2
11;10;2
11;4;1
11;7;2
11;9;2
11;3;0
11;8;NA
12;5;0
12;4;2
12;0;1
12;1;1
12;9;1
12;6;1
12;8;1
12;10;2
12;4;1
12;7;0
12;9;2
12;3;0
12;8;NA
13;5;0
13;4;0
13;2;0
13;1;2
13;10;2
13;4;1
13;7;0
13;9;0
13;8;NA
14;5;1
14;4;0
14;11;1
14;9;2
14;1;2
14;10;2
14;4;2
14;0;0
14;8;NA
15;0;1
15;1;2
15;10;2
15;4;1
15;7;2
15;0;0
15;8;NA
16;4;0
16;11;0
16;9;1
16;9;0
16;6;1
16;8;1
16;10;2
16;4;2
16;0;0
16;8;NA
17;5;1
17;4;1
17;2;2
17;1;0
17;9;0
17;6;2
17;10;2
17;4;2
17;0;2
17;3;0
17;8;NA
18;4;2
18;0;2
18;9;2
18;6;1
18;8;1
18;0;0
18;7;2
18;0;0
18;8;NA
19;4;0
19;11;2
19;0;2
19;9;2
19;6;1
19;5;0
19;10;2
19;4;2
19;0;0
19;8;NA
20;5;1
20;11;0
20;9;2
20;6;1
20;5;0
20;10;2
20;4;1
20;7;2
20;9;2
20;3;1
20;8;NA
21;5;1
21;4;0
21;11;0
21;9;0
21;9;0
21;6;1
21;8;1
21;10;2
21;4;2
21;0;2
21;3;0
21;8;NA
22;4;0
22;0;0
22;1;0
22;9;1
22;6;1
22;10;2
22;4;2
22;0;0
22;8;NA
23;2;0
23;1;2
23;10;2
23;4;2
23;0;1
23;3;1
23;8;NA
24;5;1
24;4;0
24;11;2
24;0;0
24;9;0
24;1;2
24;10;2
24;4;1
24;7;1
24;9;2
24;8;NA
25;5;1
25;4;1
25;2;2
25;1;2
25;10;2
25;4;2
25;0;0
25;8;NA
26;5;0
26;11;2
26;0;2
26;9;2
26;6;1
26;5;0
26;10;2
26;4;1
26;7;2
26;9;2
26;3;1
26;8;NA
27;5;1
27;11;0
27;9;2
27;6;1
27;8;1
27;0;0
27;4;2
27;0;NA
28;4;0
28;11;0
28;9;2
28;1;2
28;10;2
28;4;1
28;7;1
28;9;2
28;8;NA
29;5;0
29;4;2
29;0;1
29;1;2
29;10;2
29;4;2
29;0;NA
30;5;0
30;2;0
30;1;1
30;9;1
30;6;1
30;5;1
30;10;2
30;4;1
30;7;1
30;9;NA
31;5;1
31;11;1
31;9;0
31;9;1
31;6;1
31;8;1
31;0;0
31;9;NA
32;5;0
32;2;0
32;1;2
32;10;2
32;4;2
32;0;1
32;3;1
32;8;NA
33;4;0
33;0;0
33;9;0
33;1;2
33;10;2
33;4;2
33;0;1
33;3;1
33;8;NA
34;5;0
34;2;0
34;1;1
34;9;1
34;6;1
34;8;1
34;10;2
34;4;2
34;0;0
34;8;NA
35;5;1
35;4;0
35;0;1
35;1;1
35;9;0
35;6;1
35;5;1
35;10;2
35;4;2
35;0;NA
36;5;0
36;4;0
36;11;0
36;9;0
36;1;1
36;9;1
36;6;1
36;8;1
36;10;2
36;4;2
36;0;1
36;3;1
36;8;NA
37;5;0
37;2;0
37;1;0
37;9;1
37;6;2
37;10;2
37;4;2
37;0;1
37;3;1
37;8;NA
38;11;2
38;0;1
38;1;0
38;9;0
38;6;2
38;10;2
38;4;1
38;7;1
38;9;2
38;8;NA
39;5;0
39;2;0
39;1;1
39;9;0
39;6;2
39;10;2
39;4;1
39;7;2
39;9;2
39;8;NA
40;5;1
40;4;1
40;0;0
40;9;0
40;9;1
40;6;2
40;10;2
40;4;2
40;0;2
40;3;0
40;8;NA
41;5;1
41;4;2
41;0;2
41;9;1
41;9;1
41;6;1
41;5;1
41;10;2
41;4;1
41;7;2
41;9;NA
42;5;0
42;11;2
42;0;0
42;1;2
42;10;2
42;4;1
42;7;1
42;9;2
42;3;0
42;8;NA
43;5;1
43;4;0
43;11;0
43;9;2
43;6;1
43;8;0
43;0;0
43;4;1
43;7;1
43;9;2
43;8;NA
44;4;1
44;2;0
44;1;0
44;9;1
44;6;1
44;5;0
44;10;2
44;4;2
44;0;2
44;3;1
44;8;NA
45;5;0
45;4;2
45;2;2
45;1;2
45;10;2
45;4;2
45;0;2
45;3;1
45;8;NA
46;4;1
46;2;2
46;1;2
46;10;2
46;4;2
46;0;0
46;8;NA
47;4;0
47;11;1
47;9;1
47;9;1
47;6;0
47;5;1
47;10;2
47;4;2
47;0;0
47;8;NA
48;5;2
48;2;2
48;1;1
48;9;1
48;6;2
48;10;2
48;4;1
48;7;0
48;9;2
48;3;1
48;8;NA
49;5;2
49;11;0
49;9;2
49;6;1
49;8;1
49;10;2
49;4;2
49;0;1
49;3;NA
50;5;2
50;2;2
50;1;2
50;10;2
50;4;1
50;7;2
50;0;2
50;3;1
50;8;NA
51;4;1
51;0;0
51;1;2
51;10;2
51;4;2
51;0;1
51;3;NA
52;5;2
52;2;0
52;1;0
52;9;1
52;6;1
52;8;2
52;0;0
52;7;1
52;9;2
52;3;0
52;8;NA
53;11;2
53;0;1
53;1;2
53;10;2
53;4;1
53;7;2
53;0;0
53;8;NA
54;4;0
54;2;2
54;1;2
54;10;2
54;4;1
54;7;2
54;0;1
54;3;1
54;8;NA
55;4;2
55;2;0
55;1;1
55;9;0
55;6;1
55;10;2
55;4;1
55;7;2
55;0;1
55;3;1
55;8;NA
56;5;1
56;4;0
56;0;0
56;9;1
56;9;0
56;6;1
56;8;2
56;0;2
56;4;2
56;0;2
56;3;0
56;8;NA
57;5;1
57;4;1
57;0;0
57;9;0
57;9;0
57;6;1
57;8;1
57;10;2
57;4;1
57;7;2
57;0;0
57;8;NA
58;5;0
58;4;0
58;11;0
58;9;1
58;9;1
58;6;1
58;5;0
58;10;2
58;4;2
58;0;0
58;8;NA
59;5;2
59;2;2
59;1;1
59;9;1
59;6;1
59;8;1
59;10;2
59;4;1
59;7;2
59;0;2
59;3;1
59;8;NA
60;4;2
60;2;2
60;1;2
60;10;2
60;4;2
60;0;0
60;8;NA
61;11;2
61;0;0
61;1;1
61;9;1
61;6;1
61;8;1
61;10;2
61;4;2
61;0;0
61;8;NA
62;5;0
62;11;0
62;9;2
62;1;0
62;9;1
62;6;1
62;10;2
62;4;2
62;0;2
62;3;0
62;8;NA
63;4;0
63;11;1
63;9;0
63;9;0
63;6;1
63;8;1
63;10;2
63;4;1
63;7;NA
64;5;1
64;4;0
64;11;0
64;9;2
64;6;1
64;8;1
64;0;0
64;4;1
64;7;2
64;0;0
64;8;NA
65;11;1
65;9;0
65;1;0
65;9;1
65;6;1
65;8;1
65;0;2
65;4;2
65;0;0
65;8;NA
66;5;0
66;11;0
66;9;2
66;6;1
66;5;1
66;10;2
66;4;1
66;7;1
66;9;2
66;3;NA
67;5;0
67;11;1
67;9;2
67;6;1
67;8;1
67;10;2
67;4;2
67;0;0
67;8;NA
68;5;1
68;4;0
68;11;0
68;9;0
68;1;2
68;10;2
68;4;2
68;0;0
68;8;NA
69;5;2
69;11;2
69;0;0
69;1;2
69;10;2
69;4;2
69;0;1
69;3;1
69;8;NA
70;5;1
70;4;2
70;2;2
70;1;0
70;9;0
70;6;1
70;8;0
70;0;0
70;7;2
70;0;2
70;3;NA
71;5;0
71;2;2
71;1;1
71;9;1
71;6;1
71;5;1
71;10;2
71;4;1
71;7;0
71;9;2
71;3;1
71;8;NA
72;5;2
72;11;0
72;9;0
72;9;1
72;6;1
72;8;1
72;0;0
72;4;1
72;7;1
72;9;2
72;3;0
72;8;NA
73;5;2
73;2;2
73;1;1
73;9;0
73;6;0
73;5;0
73;10;2
73;4;2
73;0;1
73;3;NA
74;5;1
74;11;1
74;9;2
74;6;2
74;10;2
74;4;1
74;7;2
74;9;2
74;8;NA
75;5;2
75;2;2
75;1;2
75;10;2
75;4;2
75;0;1
75;3;0
75;8;NA
76;4;0
76;0;2
76;9;2
76;1;1
76;9;0
76;6;1
76;10;2
76;4;1
76;7;2
76;0;0
76;8;NA
77;5;0
77;4;2
77;2;2
77;1;2
77;10;2
77;4;2
77;0;0
77;8;NA
78;5;0
78;2;2
78;1;2
78;10;2
78;4;2
78;0;2
78;3;NA
79;5;2
79;11;2
79;0;2
79;9;2
79;6;1
79;8;1
79;10;2
79;4;2
79;0;0
79;8;NA
80;5;1
80;4;1
80;0;2
80;9;0
80;1;2
80;10;2
80;4;1
80;7;NA
81;5;0
81;2;0
81;1;2
81;10;2
81;4;1
81;7;1
81;9;2
81;3;0
81;8;NA
82;0;2
82;9;1
82;9;0
82;6;1
82;5;1
82;10;2
82;4;2
82;0;1
82;3;0
82;8;NA
83;5;1
83;11;0
83;9;2
83;6;2
83;10;2
83;4;1
83;7;1
83;9;0
83;8;NA
84;5;1
84;4;2
84;0;0
84;9;0
84;9;0
84;6;2
84;10;2
84;4;2
84;0;1
84;3;0
84;8;NA
85;5;2
85;11;0
85;9;0
85;1;0
85;9;0
85;6;1
85;5;0
85;10;2
85;4;1
85;7;2
85;0;2
85;3;0
85;8;NA
86;5;2
86;2;0
86;1;0
86;9;0
86;6;1
86;8;0
86;0;0
86;7;2
86;9;2
86;8;NA
87;5;0
87;4;0
87;11;2
87;0;2
87;9;2
87;6;2
87;10;2
87;4;1
87;7;2
87;0;2
87;3;NA
88;5;1
88;4;1
88;0;0
88;9;2
88;1;0
88;9;0
88;6;1
88;10;2
88;4;2
88;0;2
88;3;0
88;8;NA
89;5;1
89;11;0
89;9;2
89;6;2
89;10;2
89;4;2
89;0;NA
90;5;1
90;4;1
90;0;0
90;9;0
90;1;2
90;10;2
90;4;2
90;0;0
90;8;NA
91;5;2
91;2;0
91;1;2
91;10;2
91;4;1
91;7;2
91;0;NA
92;5;1
92;4;0
92;11;2
92;0;2
92;9;2
92;6;1
92;10;2
92;4;1
92;7;2
92;0;0
92;8;NA
93;5;1
93;4;1
93;2;0
93;1;2
93;10;2
93;4;1
93;7;2
93;0;2
93;3;1
93;8;NA
94;5;2
94;11;2
94;0;0
94;9;0
94;1;1
94;9;1
94;6;0
94;5;0
94;10;2
94;4;1
94;7;2
94;0;2
94;3;0
94;8;NA
95;2;2
95;1;0
95;9;0
95;6;2
95;10;2
95;4;2
95;0;2
95;3;1
95;8;NA
96;2;2
96;1;0
96;9;1
96;6;1
96;10;2
96;4;2
96;0;0
96;8;NA
97;5;1
97;4;0
97;2;2
97;1;0
97;9;1
97;6;2
97;10;2
97;4;2
97;0;NA
98;4;0
98;0;1
98;1;1
98;9;1
98;6;1
98;10;2
98;4;1
98;7;1
98;9;0
98;8;NA
99;5;0
99;11;2
99;0;0
99;1;2
99;10;2
99;4;1
99;7;2
99;9;2
99;3;NA
100;5;0
100;2;0
100;1;2
100;10;2
100;4;1
100;7;1
100;9;2
100;3;1
100;8;NA
101;5;2
101;2;2
101;1;0
101;9;0
101;6;2
101;10;2
101;4;1
101;7;2
101;9;2
101;3;0
101;8;NA
102;5;0
102;4;1
102;0;2
102;9;2
102;1;2
102;10;2
102;4;1
102;7;2
102;9;2
102;3;NA
103;4;0
103;11;2
103;0;2
103;9;0
103;9;1
103;6;1
103;5;1
103;10;2
103;4;1
103;7;2
103;0;1
103;3;0
103;8;NA
104;5;2
104;2;2
104;1;1
104;9;1
104;6;2
104;10;2
104;4;2
104;0;0
104;8;NA
105;4;0
105;2;2
105;1;2
105;10;2
105;4;2
105;0;2
105;3;NA
106;5;2
106;2;0
106;1;0
106;9;0
106;6;1
106;8;1
106;0;0
106;7;2
106;0;0
106;8;NA
107;5;0
107;11;2
107;0;2
107;9;2
107;6;0
107;5;0
107;10;2
107;4;1
107;7;0
107;9;2
107;3;0
107;8;NA
108;5;1
108;4;1
108;0;1
108;1;1
108;9;0
108;6;0
108;5;0
108;10;2
108;4;1
108;7;2
108;9;2
108;3;0
108;8;NA
109;5;1
109;4;2
109;2;2
109;1;2
109;10;2
109;4;2
109;0;0
109;8;NA
110;5;1
110;4;1
110;2;0
110;1;0
110;9;1
110;6;1
110;8;1
110;10;2
110;4;1
110;7;2
110;0;0
110;8;NA
111;4;2
111;0;0
111;9;2
111;6;0
111;5;0
111;10;2
111;4;1
111;7;NA
112;4;0
112;11;2
112;0;2
112;9;2
112;6;1
112;5;1
112;10;2
112;4;1
112;7;1
112;9;0
112;8;NA
113;5;2
113;2;2
113;1;2
113;10;2
113;4;1
113;7;2
113;9;2
113;8;NA
114;4;2
114;2;0
114;1;0
114;9;1
114;6;1
114;8;1
114;10;2
114;4;1
114;7;2
114;0;1
114;3;NA
115;5;2
115;2;2
115;1;2
115;10;2
115;4;2
115;0;2
115;3;1
115;8;NA
116;5;0
116;2;2
116;1;1
116;9;0
116;6;1
116;8;1
116;0;0
116;7;2
116;0;NA
117;5;0
117;4;2
117;2;2
117;1;1
117;9;1
117;6;2
117;10;2
117;4;1
117;7;2
117;0;1
117;3;NA
118;4;1
118;2;2
118;1;0
118;9;0
118;6;1
118;10;2
118;4;2
118;0;2
118;3;1
118;8;NA
119;5;2
119;2;2
119;1;2
119;10;2
119;4;2
119;0;1
119;3;1
119;8;NA
120;5;0
120;2;0
120;1;0
120;9;1
120;6;0
120;5;0
120;10;2
120;4;1
120;7;2
120;0;0
120;8;NA
121;11;0
121;9;2
121;1;2
121;10;2
121;4;2
121;0;NA
122;11;2
122;0;0
122;9;2
122;6;1
122;5;0
122;10;2
122;4;2
122;0;1
122;3;1
122;8;NA
123;5;1
123;4;2
123;0;1
123;1;2
123;10;2
123;4;2
123;0;1
123;3;NA
124;5;1
124;11;2
124;0;0
124;9;0
124;1;2
124;10;2
124;4;2
124;0;0
124;8;NA
125;5;0
125;2;2
125;1;1
125;9;0
125;6;0
125;5;0
125;10;2
125;4;1
125;7;2
125;0;2
125;3;1
125;8;NA
126;5;2
126;11;2
126;0;2
126;9;0
126;9;1
126;6;1
126;8;1
126;0;0
126;4;2
126;0;0
126;8;NA
127;4;0
127;2;2
127;1;0
127;9;1
127;6;1
127;8;1
127;0;0
127;7;2
127;0;0
127;8;NA
128;4;2
128;2;2
128;1;0
128;9;0
128;6;1
128;5;1
128;10;2
128;4;1
128;7;1
128;9;2
128;3;1
128;8;NA
129;5;0
129;4;2
129;0;0
129;1;1
129;9;1
129;6;2
129;10;2
129;4;1
129;7;2
129;9;0
129;8;NA
130;4;0
130;0;2
130;9;1
130;9;0
130;6;1
130;5;0
130;10;2
130;4;2
130;0;NA
131;5;1
131;4;2
131;2;0
131;1;1
131;9;1
131;6;1
131;8;0
131;0;0
131;7;2
131;0;0
131;8;NA
132;5;1
132;4;1
132;2;0
132;1;0
132;9;1
132;6;1
132;8;1
132;10;2
132;4;1
132;7;2
132;0;0
132;8;NA
133;4;1
133;2;2
133;1;2
133;10;2
133;4;1
133;7;0
133;9;2
133;3;0
133;8;NA
134;5;2
134;2;0
134;1;2
134;10;2
134;4;2
134;0;0
134;8;NA
135;5;1
135;11;2
135;0;0
135;1;2
135;10;2
135;4;2
135;0;2
135;3;0
135;8;NA
136;4;2
136;2;0
136;1;2
136;10;2
136;4;1
136;7;2
136;0;1
136;3;1
136;8;NA
137;5;0
137;4;0
137;11;0
137;9;1
137;9;1
137;6;0
137;5;0
137;10;2
137;4;1
137;7;2
137;0;0
137;8;NA
138;5;0
138;2;0
138;1;0
138;9;1
138;6;0
138;5;0
138;10;2
138;4;2
138;0;2
138;3;1
138;8;NA
139;5;2
139;2;2
139;1;1
139;9;0
139;6;1
139;10;2
139;4;2
139;0;1
139;3;0
139;8;NA
140;5;0
140;11;2
140;0;0
140;1;0
140;9;1
140;6;2
140;10;2
140;4;1
140;7;2
140;9;2
140;8;NA
141;5;0
141;11;1
141;9;2
141;6;1
141;8;2
141;0;0
141;9;2
141;3;NA
142;0;0
142;1;2
142;10;2
142;4;2
142;0;2
142;3;NA
143;4;0
143;11;0
143;9;0
143;9;0
143;6;0
143;5;0
143;10;2
143;4;1
143;7;2
143;0;1
143;3;0
143;8;NA
144;5;0
144;2;0
144;1;2
144;10;2
144;4;2
144;0;0
144;8;NA
145;4;2
145;2;0
145;1;1
145;9;0
145;6;1
145;10;2
145;4;1
145;7;2
145;0;2
145;3;1
145;8;NA
146;4;2
146;2;0
146;1;2
146;10;2
146;4;1
146;7;1
146;9;2
146;8;NA
147;5;1
147;11;0
147;9;0
147;9;1
147;6;1
147;8;1
147;0;0
147;7;2
147;9;0
147;8;NA
148;5;1
148;4;0
148;11;2
148;0;0
148;1;2
148;10;2
148;4;2
148;0;NA
149;5;0
149;4;0
149;0;0
149;1;0
149;9;0
149;6;1
149;5;0
149;10;2
149;4;1
149;7;0
149;9;2
149;8;NA
150;4;0
150;11;2
150;0;0
150;9;1
150;9;1
150;6;1
150;8;0
150;0;2
150;4;1
150;7;2
150;0;0
150;8;NA
151;4;2
151;0;2
151;9;2
151;6;1
151;10;2
151;4;1
151;7;2
151;0;0
151;8;NA
152;5;2
152;11;1
152;9;2
152;6;1
152;8;2
152;0;0
152;7;2
152;0;1
152;3;1
152;8;NA
153;11;2
153;0;2
153;9;2
153;6;1
153;5;1
153;10;2
153;4;2
153;0;1
153;3;1
153;8;NA
154;5;2
154;2;2
154;1;0
154;9;1
154;6;1
154;8;0
154;0;0
154;4;2
154;0;2
154;3;0
154;8;NA
155;5;1
155;4;1
155;0;0
155;9;0
155;9;1
155;6;1
155;8;1
155;10;2
155;4;1
155;7;0
155;9;2
155;3;1
155;8;NA
156;5;2
156;2;0
156;1;2
156;10;2
156;4;1
156;7;1
156;9;0
156;8;NA
157;5;0
157;11;1
157;9;0
157;9;1
157;6;0
157;5;1
157;10;2
157;4;2
157;0;0
157;8;NA
158;5;2
158;2;0
158;1;1
158;9;0
158;6;0
158;5;0
158;10;2
158;4;1
158;7;2
158;0;1
158;3;NA
159;4;2
159;2;0
159;1;2
159;10;2
159;4;2
159;0;2
159;3;NA
160;5;1
160;11;2
160;0;0
160;9;2
160;6;1
160;8;2
160;0;0
160;4;1
160;7;2
160;9;2
160;3;0
160;8;NA
161;4;1
161;0;1
161;1;0
161;9;1
161;6;1
161;8;1
161;10;2
161;4;1
161;7;2
161;0;2
161;3;0
161;8;NA
162;5;1
162;4;0
162;0;2
162;9;2
162;6;1
162;8;0
162;0;2
162;4;1
162;7;2
162;0;2
162;3;NA
163;5;0
163;2;0
163;1;1
163;9;0
163;6;1
163;10;2
163;4;1
163;7;NA
164;4;0
164;2;2
164;1;2
164;10;2
164;4;1
164;7;1
164;9;NA
165;5;2
165;2;2
165;1;2
165;10;2
165;4;1
165;7;2
165;0;NA
166;5;1
166;4;1
166;0;0
166;9;2
166;1;1
166;9;0
166;6;1
166;10;2
166;4;1
166;7;2
166;0;0
166;8;NA
167;11;1
167;9;2
167;6;1
167;10;2
167;4;2
167;0;0
167;8;NA
168;5;1
168;4;0
168;2;2
168;1;2
168;10;2
168;4;1
168;7;2
168;0;0
168;8;NA
169;5;2
169;2;2
169;1;0
169;9;0
169;6;1
169;8;1
169;10;2
169;4;1
169;7;2
169;0;0
169;8;NA
170;5;0
170;2;2
170;1;2
170;10;2
170;4;1
170;7;NA
171;4;0
171;0;0
171;9;2
171;6;0
171;5;0
171;10;2
171;4;1
171;7;1
171;9;2
171;3;NA
172;4;0
172;0;2
172;9;1
172;9;0
172;6;1
172;8;2
172;0;0
172;7;2
172;0;0
172;8;NA
173;5;2
173;2;0
173;1;0
173;9;1
173;6;1
173;8;1
173;10;2
173;4;2
173;0;0
173;8;NA
174;5;1
174;11;1
174;9;2
174;6;0
174;5;1
174;10;2
174;4;2
174;0;0
174;8;NA
175;5;1
175;11;0
175;9;0
175;9;0
175;6;2
175;10;2
175;4;1
175;7;1
175;9;2
175;8;NA
176;5;0
176;11;1
176;9;2
176;6;0
176;5;1
176;10;2
176;4;2
176;0;0
176;8;NA
177;5;0
177;11;0
177;9;0
177;1;1
177;9;0
177;6;1
177;10;2
177;4;1
177;7;0
177;9;2
177;3;1
177;8;NA
178;5;0
178;2;0
178;1;2
178;10;2
178;4;2
178;0;0
178;8;NA
179;4;0
179;11;2
179;0;0
179;9;0
179;9;1
179;6;1
179;8;1
179;10;2
179;4;1
179;7;2
179;0;2
179;3;NA
180;5;1
180;11;2
180;0;0
180;9;2
180;1;0
180;9;1
180;6;1
180;5;1
180;10;2
180;4;2
180;0;2
180;3;NA
181;5;2
181;2;2
181;1;1
181;9;1
181;6;1
181;5;1
181;10;2
181;4;1
181;7;2
181;0;NA
182;5;0
182;11;2
182;0;0
182;1;0
182;9;1
182;6;2
182;10;2
182;4;2
182;0;0
182;8;NA
183;5;2
183;2;0
183;1;2
183;10;2
183;4;1
183;7;2
183;0;1
183;3;0
183;8;NA
184;4;1
184;2;2
184;1;1
184;9;1
184;6;0
184;5;0
184;10;2
184;4;2
184;0;0
184;8;NA
185;4;1
185;0;2
185;9;2
185;6;0
185;5;0
185;10;2
185;4;1
185;7;2
185;0;0
185;8;NA
186;4;0
186;0;2
186;9;2
186;6;2
186;10;2
186;4;2
186;0;1
186;3;1
186;8;NA
187;5;0
187;2;0
187;1;2
187;10;2
187;4;2
187;0;1
187;3;0
187;8;NA
188;5;0
188;11;2
188;0;0
188;1;2
188;10;2
188;4;1
188;7;2
188;0;2
188;3;0
188;8;NA
189;5;0
189;4;0
189;0;2
189;9;0
189;1;1
189;9;0
189;6;1
189;8;2
189;0;2
189;4;2
189;0;2
189;3;NA
190;4;1
190;2;2
190;1;1
190;9;1
190;6;1
190;8;1
190;10;2
190;4;1
190;7;NA
191;11;0
191;9;0
191;9;0
191;6;1
191;5;1
191;10;2
191;4;1
191;7;1
191;9;0
191;8;NA
192;11;0
192;9;2
192;6;2
192;10;2
192;4;2
192;0;NA
193;4;0
193;0;2
193;9;2
193;6;1
193;10;2
193;4;1
193;7;2
193;0;1
193;3;1
193;8;NA
194;5;0
194;11;1
194;9;2
194;6;1
194;10;2
194;4;2
194;0;2
194;3;1
194;8;NA
195;4;0
195;11;2
195;0;0
195;1;1
195;9;0
195;6;1
195;8;2
195;0;0
195;7;2
195;0;0
195;8;NA
196;4;1
196;2;0
196;1;2
196;10;2
196;4;1
196;7;0
196;9;0
196;8;NA
197;5;0
197;4;1
197;2;2
197;1;0
197;9;0
197;6;1
197;10;2
197;4;1
197;7;2
197;0;0
197;8;NA
198;5;2
198;2;2
198;1;2
198;10;2
198;4;1
198;7;2
198;0;1
198;3;1
198;8;NA
199;5;2
199;11;2
199;0;2
199;9;0
199;1;1
199;9;1
199;6;1
199;10;2
199;4;2
199;0;2
199;3;NA
200;11;1
200;9;1
200;9;0
200;6;1
200;8;2
200;0;2
200;4;2
200;0;1
200;3;NA
201;5;0
201;4;0
201;11;1
201;9;2
201;6;1
201;8;2
201;0;1
201;9;2
201;8;NA
202;5;2
202;2;0
202;1;2
202;10;2
202;4;1
202;7;1
202;9;2
202;8;NA
203;5;2
203;2;0
203;1;2
203;10;2
203;4;1
203;7;2
203;9;0
203;8;NA
204;5;0
204;2;2
204;1;0
204;9;1
204;6;1
204;10;2
204;4;1
204;7;2
204;0;2
204;3;1
204;8;NA
205;5;1
205;4;1
205;2;2
205;1;1
205;9;1
205;6;2
205;10;2
205;4;2
205;0;1
205;3;1
205;8;NA
206;4;0
206;0;1
206;1;2
206;10;2
206;4;2
206;0;1
206;3;0
206;8;NA
207;5;0
207;4;2
207;2;0
207;1;1
207;9;1
207;6;1
207;8;1
207;10;2
207;4;2
207;0;0
207;8;NA
208;4;2
208;2;0
208;1;1
208;9;1
208;6;2
208;10;2
208;4;1
208;7;1
208;9;2
208;3;0
208;8;NA
209;5;0
209;2;2
209;1;1
209;9;1
209;6;0
209;5;1
209;10;2
209;4;1
209;7;2
209;0;NA
210;5;1
210;11;0
210;9;0
210;9;1
210;6;0
210;5;1
210;10;2
210;4;2
210;0;0
210;8;NA
211;5;0
211;11;0
211;9;2
211;1;2
211;10;2
211;4;2
211;0;0
211;8;NA
212;5;2
212;11;2
212;0;1
212;1;0
212;9;1
212;6;1
212;5;1
212;10;2
212;4;1
212;7;2
212;0;NA
213;5;1
213;4;1
213;2;2
213;1;1
213;9;1
213;6;1
213;10;2
213;4;1
213;7;0
213;9;0
213;8;NA
214;5;1
214;4;1
214;0;0
214;9;1
214;9;1
214;6;1
214;8;0
214;0;0
214;4;1
214;7;2
214;9;2
214;3;0
214;8;NA
215;5;1
215;11;0
215;9;2
215;6;1
215;5;0
215;10;2
215;4;1
215;7;2
215;0;1
215;3;NA
216;11;2
216;0;2
216;9;2
216;6;0
216;5;1
216;10;2
216;4;1
216;7;2
216;0;1
216;3;0
216;8;NA
217;5;0
217;11;0
217;9;2
217;6;1
217;5;0
217;10;2
217;4;2
217;0;1
217;3;NA
218;5;0
218;2;0
218;1;1
218;9;1
218;6;2
218;10;2
218;4;2
218;0;0
218;8;NA
219;5;2
219;11;2
219;0;0
219;1;2
219;10;2
219;4;2
219;0;2
219;3;0
219;8;NA
220;5;2
220;2;2
220;1;2
220;10;2
220;4;1
220;7;0
220;9;2
220;8;NA
221;5;1
221;4;0
221;11;2
221;0;0
221;9;2
221;6;1
221;8;2
221;0;0
221;4;1
221;7;2
221;9;0
221;8;NA
222;5;0
222;2;2
222;1;2
222;10;2
222;4;2
222;0;2
222;3;1
222;8;NA
223;5;0
223;2;0
223;1;1
223;9;1
223;6;2
223;10;2
223;4;1
223;7;2
223;9;2
223;8;NA
224;5;2
224;2;2
224;1;1
224;9;1
224;6;2
224;10;2
224;4;1
224;7;2
224;0;2
224;3;NA
225;5;0
225;11;2
225;0;0
225;1;0
225;9;0
225;6;1
225;8;1
225;10;2
225;4;1
225;7;2
225;0;0
225;8;NA
226;4;2
226;2;0
226;1;0
226;9;1
226;6;1
226;8;0
226;0;0
226;4;1
226;7;0
226;9;2
226;3;NA
227;5;2
227;2;2
227;1;2
227;10;2
227;4;1
227;7;2
227;9;NA
228;5;0
228;4;1
228;0;1
228;1;0
228;9;1
228;6;0
228;5;0
228;10;2
228;4;1
228;7;1
228;9;2
228;3;NA
229;5;1
229;4;0
229;2;2
229;1;2
229;10;2
229;4;2
229;0;0
229;8;NA
230;5;2
230;2;0
230;1;2
230;10;2
230;4;2
230;0;0
230;8;NA
231;5;0
231;2;0
231;1;2
231;10;2
231;4;1
231;7;0
231;9;2
231;3;NA
232;5;2
232;2;2
232;1;1
232;9;1
232;6;2
232;10;2
232;4;1
232;7;2
232;0;1
232;3;1
232;8;NA
233;5;0
233;2;2
233;1;2
233;10;2
233;4;2
233;0;NA
234;11;0
234;9;1
234;9;0
234;6;1
234;8;2
234;0;0
234;9;2
234;3;1
234;8;NA
235;5;1
235;4;0
235;11;2
235;0;2
235;9;1
235;9;0
235;6;0
235;5;1
235;10;2
235;4;2
235;0;1
235;3;NA
236;5;1
236;4;0
236;2;2
236;1;0
236;9;1
236;6;0
236;5;1
236;10;2
236;4;1
236;7;2
236;0;0
236;8;NA
237;5;0
237;2;0
237;1;2
237;10;2
237;4;2
237;0;1
237;3;0
237;8;NA
238;5;2
238;2;2
238;1;2
238;10;2
238;4;1
238;7;1
238;9;2
238;3;0
238;8;NA
239;5;1
239;11;1
239;9;2
239;6;2
239;10;2
239;4;1
239;7;NA
240;4;1
240;2;0
240;1;2
240;10;2
240;4;2
240;0;0
240;8;NA
241;5;2
241;2;2
241;1;1
241;9;0
241;6;1
241;5;0
241;10;2
241;4;2
241;0;2
241;3;NA
242;5;0
242;4;0
242;0;1
242;1;2
242;10;2
242;4;1
242;7;NA
243;5;1
243;11;0
243;9;2
243;6;1
243;10;2
243;4;1
243;7;2
243;0;1
243;3;1
243;8;NA
244;11;2
244;0;1
244;1;1
244;9;1
244;6;1
244;5;1
244;10;2
244;4;1
244;7;1
244;9;2
244;8;NA
245;5;1
245;4;0
245;2;0
245;1;0
245;9;1
245;6;2
245;10;2
245;4;1
245;7;2
245;0;0
245;8;NA
246;5;1
246;4;0
246;2;2
246;1;2
246;10;2
246;4;1
246;7;1
246;9;2
246;8;NA
247;5;0
247;11;2
247;0;1
247;1;2
247;10;2
247;4;2
247;0;0
247;8;NA
248;5;0
248;2;2
248;1;0
248;9;0
248;6;0
248;5;1
248;10;2
248;4;2
248;0;0
248;8;NA
249;5;2
249;11;0
249;9;0
249;9;1
249;6;1
249;8;1
249;10;2
249;4;1
249;7;2
249;0;1
249;3;0
249;8;NA
250;5;0
250;2;0
250;1;2
250;10;2
250;4;1
250;7;1
250;9;2
250;3;1
250;8;NA
251;5;0
251;2;0
251;1;2
251;10;2
251;4;1
251;7;2
251;0;0
251;8;NA
252;5;2
252;2;0
252;1;2
252;10;2
252;4;2
252;0;0
252;8;NA
253;5;1
253;4;0
253;0;0
253;1;2
253;10;2
253;4;1
253;7;2
253;0;0
253;8;NA
254;5;1
254;11;1
254;9;2
254;1;2
254;10;2
254;4;2
254;0;0
254;8;NA
255;5;0
255;11;0
255;9;0
255;9;1
255;6;1
255;8;1
255;10;2
255;4;2
255;0;0
255;8;NA
256;0;1
256;1;0
256;9;1
256;6;2
256;10;2
256;4;1
256;7;2
256;0;0
256;8;NA
257;4;0
257;2;2
257;1;1
257;9;1
257;6;2
257;10;2
257;4;1
257;7;2
257;9;2
257;3;NA
258;5;1
258;11;2
258;0;2
258;9;1
258;9;1
258;6;0
258;5;0
258;10;2
258;4;1
258;7;0
258;9;NA
259;5;1
259;4;2
259;0;2
259;9;2
259;6;1
259;8;1
259;10;2
259;4;1
259;7;2
259;0;1
259;3;1
259;8;NA
260;4;0
260;2;2
260;1;2
260;10;2
260;4;2
260;0;0
260;8;NA
261;5;1
261;11;0
261;9;1
261;9;1
261;6;1
261;5;0
261;10;2
261;4;2
261;0;1
261;3;NA
262;4;0
262;11;2
262;0;0
262;9;2
262;1;2
262;10;2
262;4;1
262;7;1
262;9;2
262;3;1
262;8;NA
263;5;0
263;11;2
263;0;1
263;1;2
263;10;2
263;4;2
263;0;1
263;3;0
263;8;NA
264;4;0
264;11;1
264;9;2
264;6;1
264;5;0
264;10;2
264;4;2
264;0;0
264;8;NA
265;4;0
265;0;0
265;1;2
265;10;2
265;4;2
265;0;NA
266;5;0
266;4;2
266;2;0
266;1;2
266;10;2
266;4;2
266;0;NA
267;0;0
267;1;2
267;10;2
267;4;2
267;0;1
267;3;NA
268;5;1
268;4;0
268;11;1
268;9;0
268;1;2
268;10;2
268;4;1
268;7;1
268;9;2
268;8;NA
269;5;0
269;4;0
269;11;1
269;9;2
269;6;1
269;8;1
269;10;2
269;4;2
269;0;0
269;8;NA
270;5;1
270;4;1
270;2;0
270;1;0
270;9;0
270;6;0
270;5;0
270;10;2
270;4;2
270;0;2
270;3;NA
271;11;2
271;0;1
271;1;0
271;9;0
271;6;2
271;10;2
271;4;2
271;0;0
271;8;NA
272;5;0
272;4;0
272;11;0
272;9;1
272;9;1
272;6;1
272;10;2
272;4;1
272;7;2
272;0;0
272;8;NA
273;5;0
273;11;0
273;9;2
273;1;2
273;10;2
273;4;2
273;0;1
273;3;0
273;8;NA
274;5;1
274;4;0
274;11;2
274;0;0
274;9;1
274;9;0
274;6;1
274;8;1
274;10;2
274;4;1
274;7;2
274;9;2
274;8;NA
275;4;2
275;2;2
275;1;2
275;10;2
275;4;1
275;7;2
275;0;1
275;3;0
275;8;NA
276;5;2
276;11;2
276;0;1
276;1;0
276;9;0
276;6;1
276;8;1
276;10;2
276;4;2
276;0;1
276;3;0
276;8;NA
277;5;0
277;2;2
277;1;1
277;9;0
277;6;1
277;5;0
277;10;2
277;4;1
277;7;2
277;0;0
277;8;NA
278;5;2
278;11;2
278;0;0
278;1;2
278;10;2
278;4;1
278;7;0
278;9;2
278;8;NA
279;5;1
279;4;1
279;0;0
279;1;1
279;9;0
279;6;1
279;8;1
279;10;2
279;4;1
279;7;2
279;0;0
279;8;NA
280;4;0
280;11;2
280;0;2
280;9;2
280;1;2
280;10;2
280;4;2
280;0;0
280;8;NA
281;4;0
281;11;0
281;9;2
281;1;2
281;10;2
281;4;1
281;7;1
281;9;0
281;8;NA
282;0;0
282;9;0
282;1;2
282;10;2
282;4;1
282;7;1
282;9;2
282;8;NA
283;5;2
283;2;0
283;1;0
283;9;1
283;6;2
283;10;2
283;4;1
283;7;2
283;0;1
283;3;1
283;8;NA
284;4;0
284;11;1
284;9;0
284;1;1
284;9;1
284;6;1
284;8;1
284;0;2
284;9;0
284;8;NA
285;2;0
285;1;1
285;9;0
285;6;2
285;10;2
285;4;1
285;7;2
285;0;1
285;3;NA
286;4;1
286;2;2
286;1;0
286;9;0
286;6;1
286;8;2
286;0;0
286;7;2
286;0;NA
287;5;0
287;11;2
287;0;0
287;9;0
287;1;2
287;10;2
287;4;2
287;0;NA
288;4;0
288;2;0
288;1;2
288;10;2
288;4;2
288;0;1
288;3;1
288;8;NA
289;5;0
289;2;0
289;1;0
289;9;1
289;6;1
289;8;1
289;10;2
289;4;2
289;0;0
289;8;NA
290;5;2
290;2;0
290;1;2
290;10;2
290;4;1
290;7;2
290;0;0
290;8;NA
291;11;1
291;9;0
291;9;0
291;6;1
291;8;2
291;0;0
291;7;2
291;9;2
291;3;0
291;8;NA
292;5;2
292;11;0
292;9;2
292;6;1
292;5;1
292;10;2
292;4;2
292;0;0
292;8;NA
293;5;1
293;11;0
293;9;2
293;6;1
293;5;1
293;10;2
293;4;1
293;7;1
293;9;2
293;3;1
293;8;NA
294;5;2
294;2;0
294;1;0
294;9;0
294;6;1
294;5;1
294;10;2
294;4;2
294;0;1
294;3;0
294;8;NA
295;5;1
295;4;1
295;2;2
295;1;2
295;10;2
295;4;2
295;0;0
295;8;NA
296;4;0
296;0;0
296;1;1
296;9;1
296;6;0
296;5;1
296;10;2
296;4;1
296;7;2
296;0;2
296;3;0
296;8;NA
297;5;1
297;11;2
297;0;0
297;9;1
297;9;1
297;6;1
297;8;1
297;10;2
297;4;2
297;0;0
297;8;NA
298;4;0
298;2;0
298;1;1
298;9;1
298;6;1
298;10;2
298;4;2
298;0;0
298;8;NA
299;5;2
299;2;0
299;1;2
299;10;2
299;4;1
299;7;0
299;9;2
299;3;0
299;8;NA
300;11;1
300;9;2
300;6;1
300;8;0
300;0;0
300;7;2
300;0;0
300;8;NA
301;5;0
301;4;2
301;0;0
301;1;1
301;9;1
301;6;0
301;5;0
301;10;2
301;4;2
301;0;0
301;8;NA
302;4;1
302;0;0
302;1;2
302;10;2
302;4;1
302;7;2
302;0;0
302;8;NA
303;4;2
303;2;2
303;1;0
303;9;1
303;6;1
303;8;0
303;0;0
303;7;2
303;0;2
303;3;0
303;8;NA
304;5;1
304;4;0
304;2;2
304;1;2
304;10;2
304;4;2
304;0;0
304;8;NA
305;5;2
305;2;0
305;1;2
305;10;2
305;4;2
305;0;0
305;8;NA
306;4;0
306;11;1
306;9;2
306;6;1
306;8;1
306;0;0
306;4;2
306;0;NA
307;5;1
307;11;2
307;0;0
307;9;1
307;9;0
307;6;1
307;8;0
307;0;2
307;4;2
307;0;0
307;8;NA
308;5;2
308;2;2
308;1;0
308;9;1
308;6;2
308;10;2
308;4;1
308;7;2
308;0;NA
309;4;0
309;2;2
309;1;1
309;9;1
309;6;2
309;10;2
309;4;1
309;7;2
309;0;1
309;3;NA
310;5;0
310;2;0
310;1;0
310;9;1
310;6;2
310;10;2
310;4;2
310;0;0
310;8;NA
311;11;2
311;0;2
311;9;2
311;6;1
311;8;1
311;10;2
311;4;1
311;7;2
311;0;0
311;8;NA
312;5;2
312;11;2
312;0;0
312;9;0
312;9;0
312;6;1
312;8;0
312;0;0
312;4;2
312;0;0
312;8;NA
313;5;0
313;11;1
313;9;2
313;6;2
313;10;2
313;4;1
313;7;2
313;0;0
313;8;NA
314;5;1
314;11;1
314;9;0
314;9;1
314;6;1
314;5;1
314;10;2
314;4;2
314;0;2
314;3;0
314;8;NA
315;5;0
315;11;0
315;9;1
315;9;1
315;6;1
315;8;1
315;0;0
315;9;2
315;8;NA
316;5;2
316;2;0
316;1;2
316;10;2
316;4;2
316;0;0
316;8;NA
317;5;0
317;11;0
317;9;1
317;9;0
317;6;2
317;10;2
317;4;1
317;7;2
317;9;2
317;8;NA
318;5;1
318;4;0
318;11;1
318;9;2
318;6;1
318;10;2
318;4;1
318;7;0
318;9;2
318;3;0
318;8;NA
319;5;2
319;2;2
319;1;1
319;9;0
319;6;1
319;8;1
319;10;2
319;4;2
319;0;1
319;3;1
319;8;NA
320;4;0
320;2;0
320;1;2
320;10;2
320;4;2
320;0;NA
321;4;0
321;2;2
321;1;2
321;10;2
321;4;2
321;0;2
321;3;1
321;8;NA
322;5;0
322;11;2
322;0;0
322;9;2
322;1;2
322;10;2
322;4;2
322;0;1
322;3;NA
323;4;2
323;0;2
323;9;0
323;9;0
323;6;1
323;10;2
323;4;1
323;7;0
323;9;2
323;3;1
323;8;NA
324;5;1
324;4;2
324;2;0
324;1;2
324;10;2
324;4;1
324;7;2
324;0;2
324;3;1
324;8;NA
325;5;0
325;2;2
325;1;1
325;9;0
325;6;2
325;10;2
325;4;1
325;7;2
325;0;2
325;3;0
325;8;NA
326;5;2
326;11;1
326;9;2
326;6;1
326;8;2
326;0;0
326;9;2
326;3;0
326;8;NA
327;4;0
327;0;0
327;1;2
327;10;2
327;4;2
327;0;0
327;8;NA
328;5;1
328;11;2
328;0;0
328;1;2
328;10;2
328;4;2
328;0;2
328;3;1
328;8;NA
329;5;0
329;2;0
329;1;2
329;10;2
329;4;2
329;0;2
329;3;0
329;8;NA
330;2;0
330;1;2
330;10;2
330;4;2
330;0;0
330;8;NA
331;0;2
331;9;2
331;6;0
331;5;0
331;10;2
331;4;2
331;0;2
331;3;1
331;8;NA
332;5;0
332;4;0
332;2;0
332;1;1
332;9;0
332;6;2
332;10;2
332;4;2
332;0;1
332;3;1
332;8;NA
333;5;1
333;11;2
333;0;0
333;9;2
333;6;1
333;10;2
333;4;1
333;7;NA
334;5;0
334;2;0
334;1;2
334;10;2
334;4;1
334;7;2
334;9;0
334;8;NA
335;5;1
335;4;1
335;2;0
335;1;0
335;9;1
335;6;1
335;10;2
335;4;2
335;0;0
335;8;NA
336;4;2
336;0;0
336;9;2
336;6;2
336;10;2
336;4;2
336;0;2
336;3;NA
337;5;0
337;2;2
337;1;0
337;9;0
337;6;1
337;10;2
337;4;1
337;7;2
337;0;0
337;8;NA
338;4;1
338;2;2
338;1;1
338;9;1
338;6;1
338;8;1
338;10;2
338;4;1
338;7;1
338;9;2
338;3;1
338;8;NA
339;4;0
339;11;0
339;9;2
339;1;1
339;9;1
339;6;0
339;5;0
339;10;2
339;4;2
339;0;NA
340;5;0
340;11;1
340;9;2
340;1;2
340;10;2
340;4;2
340;0;NA
341;5;0
341;2;0
341;1;0
341;9;1
341;6;1
341;8;1
341;0;1
341;9;0
341;8;NA
342;5;2
342;2;2
342;1;2
342;10;2
342;4;1
342;7;2
342;0;1
342;3;1
342;8;NA
343;5;0
343;11;2
343;0;1
343;1;0
343;9;0
343;6;1
343;8;1
343;10;2
343;4;1
343;7;0
343;9;2
343;3;0
343;8;NA
344;4;0
344;11;2
344;0;0
344;1;2
344;10;2
344;4;2
344;0;1
344;3;0
344;8;NA
345;4;0
345;11;2
345;0;0
345;9;2
345;6;2
345;10;2
345;4;1
345;7;2
345;0;NA
346;5;0
346;2;0
346;1;1
346;9;0
346;6;1
346;10;2
346;4;2
346;0;0
346;8;NA
347;5;0
347;4;0
347;11;2
347;0;0
347;9;1
347;9;1
347;6;1
347;8;1
347;10;2
347;4;2
347;0;1
347;3;NA
348;5;0
348;4;1
348;0;2
348;9;0
348;1;1
348;9;1
348;6;2
348;10;2
348;4;1
348;7;NA
349;5;0
349;4;0
349;2;2
349;1;2
349;10;2
349;4;2
349;0;2
349;3;0
349;8;NA
350;5;1
350;4;0
350;2;2
350;1;2
350;10;2
350;4;2
350;0;0
350;8;NA
351;5;0
351;11;2
351;0;0
351;1;0
351;9;1
351;6;1
351;8;1
351;0;2
351;4;2
351;0;2
351;3;1
351;8;NA
352;5;2
352;2;2
352;1;0
352;9;1
352;6;2
352;10;2
352;4;1
352;7;1
352;9;2
352;8;NA
353;5;1
353;4;0
353;0;1
353;1;2
353;10;2
353;4;2
353;0;0
353;8;NA
354;5;0
354;11;0
354;9;0
354;9;1
354;6;1
354;5;0
354;10;2
354;4;2
354;0;0
354;8;NA
355;5;2
355;2;0
355;1;1
355;9;1
355;6;1
355;10;2
355;4;2
355;0;0
355;8;NA
356;5;1
356;4;2
356;2;2
356;1;0
356;9;0
356;6;1
356;10;2
356;4;1
356;7;2
356;0;1
356;3;0
356;8;NA
357;5;0
357;2;0
357;1;1
357;9;1
357;6;2
357;10;2
357;4;2
357;0;1
357;3;0
357;8;NA
358;5;1
358;11;0
358;9;2
358;1;1
358;9;1
358;6;1
358;8;1
358;0;0
358;7;2
358;0;0
358;8;NA
359;5;0
359;4;0
359;11;2
359;0;2
359;9;2
359;6;1
359;8;1
359;0;2
359;9;0
359;8;NA
360;5;0
360;4;2
360;2;2
360;1;2
360;10;2
360;4;2
360;0;1
360;3;NA
361;5;0
361;11;1
361;9;1
361;9;0
361;6;2
361;10;2
361;4;1
361;7;2
361;0;NA
362;11;0
362;9;2
362;6;1
362;5;0
362;10;2
362;4;2
362;0;0
362;8;NA
363;5;2
363;2;0
363;1;2
363;10;2
363;4;1
363;7;2
363;9;2
363;8;NA
364;5;2
364;11;0
364;9;2
364;1;1
364;9;0
364;6;1
364;10;2
364;4;1
364;7;2
364;0;0
364;8;NA
365;5;0
365;2;0
365;1;2
365;10;2
365;4;1
365;7;2
365;0;0
365;8;NA
366;5;1
366;11;0
366;9;2
366;1;0
366;9;0
366;6;1
366;10;2
366;4;2
366;0;2
366;3;NA
367;4;1
367;2;0
367;1;2
367;10;2
367;4;1
367;7;2
367;9;2
367;3;0
367;8;NA
368;4;1
368;2;0
368;1;0
368;9;0
368;6;1
368;8;1
368;0;2
368;9;2
368;3;0
368;8;NA
369;5;1
369;4;2
369;2;2
369;1;0
369;9;0
369;6;0
369;5;0
369;10;2
369;4;1
369;7;2
369;9;2
369;8;NA
370;5;1
370;11;2
370;0;1
370;1;2
370;10;2
370;4;2
370;0;2
370;3;NA
371;5;2
371;2;0
371;1;2
371;10;2
371;4;2
371;0;2
371;3;NA
372;5;2
372;11;2
372;0;0
372;9;0
372;1;2
372;10;2
372;4;1
372;7;2
372;0;0
372;8;NA
373;4;2
373;0;1
373;1;0
373;9;1
373;6;1
373;5;1
373;10;2
373;4;2
373;0;1
373;3;0
373;8;NA
374;5;1
374;11;2
374;0;1
374;1;1
374;9;0
374;6;2
374;10;2
374;4;2
374;0;1
374;3;NA
375;5;2
375;2;2
375;1;2
375;10;2
375;4;1
375;7;2
375;0;2
375;3;NA
376;5;1
376;11;1
376;9;2
376;1;2
376;10;2
376;4;2
376;0;1
376;3;1
376;8;NA
377;5;2
377;2;0
377;1;0
377;9;0
377;6;0
377;5;1
377;10;2
377;4;2
377;0;1
377;3;NA
378;4;0
378;11;0
378;9;2
378;6;1
378;8;0
378;0;0
378;4;2
378;0;2
378;3;NA
379;4;0
379;11;2
379;0;0
379;9;0
379;1;2
379;10;2
379;4;1
379;7;2
379;0;1
379;3;1
379;8;NA
380;4;2
380;0;1
380;1;1
380;9;1
380;6;1
380;8;1
380;10;2
380;4;1
380;7;0
380;9;2
380;8;NA
381;4;0
381;2;2
381;1;2
381;10;2
381;4;1
381;7;2
381;0;1
381;3;1
381;8;NA
382;4;0
382;11;1
382;9;2
382;6;0
382;5;1
382;10;2
382;4;2
382;0;1
382;3;1
382;8;NA
383;5;0
383;11;0
383;9;0
383;9;1
383;6;0
383;5;1
383;10;2
383;4;2
383;0;2
383;3;NA
384;5;0
384;2;0
384;1;1
384;9;1
384;6;1
384;8;1
384;10;2
384;4;1
384;7;2
384;0;2
384;3;NA
385;4;2
385;0;2
385;9;2
385;6;0
385;5;1
385;10;2
385;4;1
385;7;2
385;0;0
385;8;NA
386;11;1
386;9;0
386;1;1
386;9;0
386;6;1
386;10;2
386;4;2
386;0;2
386;3;1
386;8;NA
387;5;2
387;11;0
387;9;2
387;1;2
387;10;2
387;4;2
387;0;1
387;3;1
387;8;NA
388;5;0
388;2;0
388;1;2
388;10;2
388;4;2
388;0;1
388;3;0
388;8;NA
389;5;0
389;4;0
389;11;2
389;0;1
389;1;2
389;10;2
389;4;2
389;0;0
389;8;NA
390;5;0
390;4;0
390;11;2
390;0;0
390;1;2
390;10;2
390;4;1
390;7;1
390;9;2
390;3;1
390;8;NA
391;5;2
391;11;0
391;9;0
391;1;1
391;9;1
391;6;1
391;10;2
391;4;2
391;0;0
391;8;NA
392;5;1
392;11;1
392;9;0
392;9;0
392;6;1
392;5;0
392;10;2
392;4;1
392;7;1
392;9;2
392;3;0
392;8;NA
393;5;2
393;2;2
393;1;0
393;9;0
393;6;1
393;8;1
393;10;2
393;4;2
393;0;1
393;3;0
393;8;NA
394;4;2
394;0;0
394;1;1
394;9;1
394;6;1
394;5;0
394;10;2
394;4;1
394;7;1
394;9;2
394;3;0
394;8;NA
395;5;0
395;4;2
395;0;0
395;1;2
395;10;2
395;4;2
395;0;1
395;3;0
395;8;NA
396;5;2
396;2;0
396;1;0
396;9;0
396;6;1
396;10;2
396;4;2
396;0;0
396;8;NA
397;5;0
397;11;0
397;9;2
397;6;1
397;8;1
397;10;2
397;4;1
397;7;2
397;0;0
397;8;NA
398;5;1
398;4;0
398;0;0
398;1;2
398;10;2
398;4;2
398;0;NA
399;5;1
399;11;2
399;0;0
399;9;2
399;1;1
399;9;0
399;6;1
399;8;1
399;10;2
399;4;1
399;7;0
399;9;0
399;8;NA
400;11;1
400;9;0
400;1;2
400;10;2
400;4;1
400;7;0
400;9;2
400;3;0
400;8;NA
401;5;1
401;4;2
401;0;0
401;9;2
401;6;1
401;10;2
401;4;2
401;0;2
401;3;0
401;8;NA
402;2;2
402;1;2
402;10;2
402;4;2
402;0;0
402;8;NA
403;4;2
403;2;0
403;1;1
403;9;1
403;6;0
403;5;1
403;10;2
403;4;2
403;0;0
403;8;NA
404;5;1
404;11;2
404;0;1
404;1;1
404;9;1
404;6;1
404;8;1
404;10;2
404;4;2
404;0;0
404;8;NA
405;5;0
405;11;0
405;9;2
405;6;1
405;10;2
405;4;2
405;0;1
405;3;0
405;8;NA
406;5;1
406;11;0
406;9;2
406;6;1
406;5;0
406;10;2
406;4;2
406;0;2
406;3;1
406;8;NA
407;11;1
407;9;2
407;6;2
407;10;2
407;4;2
407;0;0
407;8;NA
408;5;2
408;2;0
408;1;2
408;10;2
408;4;1
408;7;0
408;9;2
408;3;0
408;8;NA
409;4;2
409;2;0
409;1;2
409;10;2
409;4;1
409;7;1
409;9;2
409;3;1
409;8;NA
410;4;0
410;11;1
410;9;2
410;6;0
410;5;1
410;10;2
410;4;2
410;0;0
410;8;NA
411;5;2
411;2;0
411;1;2
411;10;2
411;4;2
411;0;1
411;3;NA
412;5;0
412;11;1
412;9;2
412;1;0
412;9;1
412;6;1
412;5;1
412;10;2
412;4;2
412;0;0
412;8;NA
413;5;0
413;11;2
413;0;2
413;9;0
413;9;0
413;6;1
413;8;0
413;0;0
413;4;2
413;0;NA
414;5;0
414;4;0
414;11;2
414;0;2
414;9;2
414;6;2
414;10;2
414;4;2
414;0;0
414;8;NA
415;5;2
415;2;0
415;1;2
415;10;2
415;4;1
415;7;1
415;9;2
415;8;NA
416;5;1
416;4;2
416;0;0
416;1;0
416;9;0
416;6;1
416;8;1
416;10;2
416;4;1
416;7;2
416;0;1
416;3;0
416;8;NA
417;5;1
417;11;1
417;9;2
417;1;2
417;10;2
417;4;1
417;7;2
417;0;0
417;8;NA
418;4;0
418;2;0
418;1;0
418;9;1
418;6;1
418;5;0
418;10;2
418;4;1
418;7;1
418;9;2
418;3;1
418;8;NA
419;5;0
419;4;1
419;2;0
419;1;0
419;9;0
419;6;1
419;10;2
419;4;2
419;0;0
419;8;NA
420;4;0
420;11;1
420;9;2
420;1;1
420;9;1
420;6;1
420;5;0
420;10;2
420;4;2
420;0;0
420;8;NA
421;0;1
421;1;2
421;10;2
421;4;1
421;7;2
421;9;0
421;8;NA
422;5;1
422;4;0
422;11;2
422;0;1
422;1;2
422;10;2
422;4;1
422;7;2
422;9;2
422;8;NA
423;5;2
423;11;1
423;9;2
423;6;1
423;10;2
423;4;1
423;7;2
423;9;2
423;8;NA
424;5;2
424;2;2
424;1;2
424;10;2
424;4;1
424;7;0
424;9;2
424;3;0
424;8;NA
425;5;0
425;4;2
425;2;0
425;1;2
425;10;2
425;4;1
425;7;2
425;0;0
425;8;NA
426;5;0
426;2;0
426;1;2
426;10;2
426;4;1
426;7;0
426;9;NA
427;4;0
427;11;2
427;0;0
427;9;2
427;6;1
427;5;1
427;10;2
427;4;2
427;0;2
427;3;1
427;8;NA
428;4;1
428;2;2
428;1;0
428;9;1
428;6;1
428;8;1
428;0;0
428;7;1
428;9;0
428;8;NA
429;4;2
429;0;2
429;9;1
429;9;1
429;6;0
429;5;0
429;10;2
429;4;2
429;0;2
429;3;NA
430;4;2
430;2;0
430;1;2
430;10;2
430;4;1
430;7;2
430;0;NA
431;4;0
431;0;0
431;9;0
431;1;2
431;10;2
431;4;1
431;7;2
431;9;2
431;8;NA
432;5;2
432;2;2
432;1;2
432;10;2
432;4;1
432;7;2
432;9;2
432;3;0
432;8;NA
433;4;0
433;11;2
433;0;2
433;9;1
433;9;1
433;6;1
433;8;1
433;0;0
433;4;1
433;7;2
433;0;0
433;8;NA
434;5;2
434;2;0
434;1;2
434;10;2
434;4;2
434;0;0
434;8;NA
435;5;2
435;2;2
435;1;1
435;9;0
435;6;1
435;5;0
435;10;2
435;4;1
435;7;2
435;9;2
435;3;NA
436;4;0
436;11;2
436;0;0
436;9;0
436;9;1
436;6;0
436;5;1
436;10;2
436;4;2
436;0;2
436;3;0
436;8;NA
437;11;2
437;0;1
437;1;2
437;10;2
437;4;2
437;0;0
437;8;NA
438;4;0
438;11;2
438;0;0
438;1;0
438;9;0
438;6;1
438;8;1
438;10;2
438;4;1
438;7;2
438;0;0
438;8;NA
439;4;1
439;2;2
439;1;1
439;9;1
439;6;1
439;8;1
439;10;2
439;4;1
439;7;2
439;0;0
439;8;NA
440;11;2
440;0;2
440;9;2
440;6;1
440;8;1
440;10;2
440;4;2
440;0;2
440;3;1
440;8;NA
441;11;1
441;9;2
441;1;0
441;9;1
441;6;2
441;10;2
441;4;2
441;0;1
441;3;0
441;8;NA
442;5;0
442;4;0
442;2;0
442;1;2
442;10;2
442;4;1
442;7;2
442;9;0
442;8;NA
443;5;2
443;2;2
443;1;2
443;10;2
443;4;1
443;7;2
443;0;1
443;3;1
443;8;NA
444;5;0
444;4;0
444;2;2
444;1;2
444;10;2
444;4;2
444;0;0
444;8;NA
445;4;0
445;11;0
445;9;1
445;9;1
445;6;1
445;10;2
445;4;2
445;0;1
445;3;0
445;8;NA
446;5;2
446;11;2
446;0;2
446;9;2
446;6;1
446;8;1
446;0;0
446;4;2
446;0;2
446;3;NA
447;5;0
447;2;2
447;1;2
447;10;2
447;4;2
447;0;NA
448;4;0
448;0;0
448;9;0
448;9;1
448;6;1
448;8;2
448;0;0
448;7;0
448;9;2
448;3;1
448;8;NA
449;5;1
449;11;2
449;0;0
449;9;2
449;6;1
449;8;1
449;10;2
449;4;2
449;0;NA
450;5;1
450;11;0
450;9;2
450;6;1
450;8;1
450;10;2
450;4;2
450;0;1
450;3;1
450;8;NA
451;4;0
451;11;1
451;9;0
451;9;1
451;6;1
451;5;1
451;10;2
451;4;2
451;0;NA
452;5;1
452;4;0
452;2;2
452;1;0
452;9;1
452;6;1
452;5;1
452;10;2
452;4;1
452;7;2
452;0;0
452;8;NA
453;5;2
453;2;0
453;1;1
453;9;0
453;6;1
453;8;1
453;0;2
453;9;2
453;3;0
453;8;NA
454;4;0
454;0;2
454;9;0
454;9;1
454;6;1
454;8;1
454;10;2
454;4;1
454;7;2
454;0;0
454;8;NA
455;5;0
455;11;2
455;0;2
455;9;0
455;1;2
455;10;2
455;4;2
455;0;0
455;8;NA
456;5;0
456;11;0
456;9;1
456;9;1
456;6;2
456;10;2
456;4;2
456;0;0
456;8;NA
457;5;1
457;4;0
457;11;2
457;0;0
457;9;1
457;9;0
457;6;1
457;5;1
457;10;2
457;4;2
457;0;0
457;8;NA
458;5;0
458;4;1
458;0;0
458;1;2
458;10;2
458;4;2
458;0;1
458;3;1
458;8;NA
459;5;1
459;4;1
459;0;0
459;1;2
459;10;2
459;4;1
459;7;2
459;0;0
459;8;NA
460;5;2
460;2;2
460;1;1
460;9;0
460;6;1
460;5;0
460;10;2
460;4;1
460;7;2
460;0;2
460;3;0
460;8;NA
461;11;2
461;0;0
461;1;0
461;9;0
461;6;1
461;5;0
461;10;2
461;4;2
461;0;1
461;3;1
461;8;NA
462;5;2
462;2;0
462;1;2
462;10;2
462;4;1
462;7;2
462;0;1
462;3;0
462;8;NA
463;5;0
463;2;0
463;1;1
463;9;0
463;6;1
463;10;2
463;4;2
463;0;0
463;8;NA
464;5;1
464;4;0
464;11;1
464;9;0
464;1;0
464;9;1
464;6;1
464;8;2
464;0;0
464;7;2
464;0;0
464;8;NA
465;5;2
465;2;2
465;1;2
465;10;2
465;4;1
465;7;1
465;9;NA
466;5;0
466;2;2
466;1;2
466;10;2
466;4;2
466;0;NA
467;5;2
467;11;0
467;9;1
467;9;1
467;6;0
467;5;1
467;10;2
467;4;1
467;7;2
467;0;2
467;3;1
467;8;NA
468;5;0
468;4;2
468;0;0
468;9;0
468;9;1
468;6;1
468;10;2
468;4;1
468;7;2
468;0;NA
469;5;0
469;4;0
469;11;2
469;0;2
469;9;2
469;6;1
469;8;1
469;10;2
469;4;2
469;0;0
469;8;NA
470;4;0
470;0;2
470;9;2
470;6;1
470;8;1
470;10;2
470;4;2
470;0;1
470;3;0
470;8;NA
471;4;2
471;2;0
471;1;2
471;10;2
471;4;1
471;7;0
471;9;2
471;8;NA
472;5;1
472;4;0
472;11;2
472;0;0
472;1;1
472;9;1
472;6;1
472;8;0
472;0;0
472;4;1
472;7;2
472;0;1
472;3;0
472;8;NA
473;4;2
473;2;2
473;1;1
473;9;0
473;6;2
473;10;2
473;4;1
473;7;2
473;0;0
473;8;NA
474;5;2
474;2;2
474;1;2
474;10;2
474;4;2
474;0;0
474;8;NA
475;4;0
475;0;2
475;9;2
475;1;1
475;9;1
475;6;2
475;10;2
475;4;2
475;0;2
475;3;NA
476;5;0
476;11;0
476;9;2
476;1;2
476;10;2
476;4;1
476;7;2
476;9;0
476;8;NA
477;11;2
477;0;1
477;1;0
477;9;1
477;6;2
477;10;2
477;4;2
477;0;0
477;8;NA
478;5;1
478;4;1
478;2;2
478;1;2
478;10;2
478;4;2
478;0;1
478;3;1
478;8;NA
479;2;0
479;1;1
479;9;0
479;6;1
479;5;1
479;10;2
479;4;1
479;7;1
479;9;0
479;8;NA
480;4;0
480;0;0
480;9;2
480;6;0
480;5;0
480;10;2
480;4;2
480;0;2
480;3;0
480;8;NA
481;5;0
481;11;2
481;0;0
481;1;2
481;10;2
481;4;1
481;7;NA
482;5;2
482;11;0
482;9;2
482;6;1
482;8;1
482;10;2
482;4;2
482;0;0
482;8;NA
483;5;2
483;11;1
483;9;0
483;9;0
483;6;1
483;8;0
483;0;2
483;4;2
483;0;0
483;8;NA
484;2;2
484;1;2
484;10;2
484;4;2
484;0;1
484;3;NA
485;5;2
485;2;0
485;1;1
485;9;1
485;6;1
485;5;0
485;10;2
485;4;1
485;7;0
485;9;0
485;8;NA
486;5;2
486;11;2
486;0;0
486;9;0
486;9;0
486;6;1
486;10;2
486;4;2
486;0;0
486;8;NA
487;5;2
487;2;0
487;1;2
487;10;2
487;4;1
487;7;2
487;9;0
487;8;NA
488;5;0
488;4;1
488;2;0
488;1;2
488;10;2
488;4;2
488;0;NA
489;5;1
489;4;2
489;0;2
489;9;0
489;9;1
489;6;1
489;5;1
489;10;2
489;4;2
489;0;2
489;3;1
489;8;NA
490;5;2
490;11;0
490;9;0
490;9;1
490;6;1
490;8;0
490;0;1
490;9;NA
491;5;1
491;4;2
491;0;1
491;1;0
491;9;0
491;6;1
491;8;1
491;0;2
491;4;2
491;0;0
491;8;NA
492;4;2
492;0;1
492;1;2
492;10;2
492;4;1
492;7;2
492;0;2
492;3;0
492;8;NA
493;5;1
493;4;0
493;11;2
493;0;0
493;1;1
493;9;1
493;6;2
493;10;2
493;4;1
493;7;2
493;0;0
493;8;NA
494;5;1
494;11;1
494;9;0
494;1;2
494;10;2
494;4;1
494;7;2
494;0;0
494;8;NA
495;5;0
495;4;2
495;2;0
495;1;2
495;10;2
495;4;2
495;0;0
495;8;NA
496;5;0
496;2;2
496;1;2
496;10;2
496;4;1
496;7;1
496;9;2
496;3;1
496;8;NA
497;5;0
497;2;0
497;1;2
497;10;2
497;4;2
497;0;2
497;3;1
497;8;NA
498;11;2
498;0;0
498;1;2
498;10;2
498;4;1
498;7;0
498;9;2
498;3;1
498;8;NA
499;5;0
499;2;2
499;1;0
499;9;0
499;6;2
499;10;2
499;4;1
499;7;1
499;9;2
499;3;NA
500;4;0
500;11;2
500;0;0
500;1;2
500;10;2
500;4;2
500;0;2
500;3;0
500;8;NA
501;4;2
501;2;2
501;1;2
501;10;2
501;4;1
501;7;2
501;0;0
501;8;NA
502;5;0
502;4;2
502;0;0
502;1;2
502;10;2
502;4;1
502;7;2
502;9;2
502;3;0
502;8;NA
503;5;2
503;2;2
503;1;2
503;10;2
503;4;1
503;7;2
503;0;0
503;8;NA
504;5;1
504;11;2
504;0;0
504;9;0
504;9;1
504;6;1
504;8;1
504;10;2
504;4;2
504;0;0
504;8;NA
505;5;2
505;11;0
505;9;0
505;1;1
505;9;1
505;6;1
505;10;2
505;4;1
505;7;2
505;0;1
505;3;1
505;8;NA
506;5;0
506;2;0
506;1;1
506;9;1
506;6;1
506;5;0
506;10;2
506;4;2
506;0;1
506;3;NA
507;4;0
507;11;2
507;0;0
507;9;0
507;1;2
507;10;2
507;4;2
507;0;1
507;3;NA
508;4;0
508;0;0
508;9;2
508;1;2
508;10;2
508;4;2
508;0;1
508;3;0
508;8;NA
509;5;0
509;4;2
509;0;1
509;1;2
509;10;2
509;4;2
509;0;NA
510;5;0
510;2;0
510;1;2
510;10;2
510;4;2
510;0;0
510;8;NA
511;5;1
511;4;2
511;0;0
511;1;0
511;9;0
511;6;1
511;8;1
511;10;2
511;4;2
511;0;0
511;8;NA
512;5;0
512;2;0
512;1;2
512;10;2
512;4;1
512;7;2
512;0;1
512;3;1
512;8;NA
513;5;2
513;2;0
513;1;0
513;9;0
513;6;1
513;10;2
513;4;1
513;7;2
513;0;1
513;3;1
513;8;NA
514;4;1
514;2;2
514;1;1
514;9;1
514;6;1
514;8;1
514;10;2
514;4;1
514;7;2
514;0;0
514;8;NA
515;5;1
515;4;1
515;0;1
515;1;0
515;9;1
515;6;1
515;8;2
515;0;1
515;9;0
515;8;NA
516;5;1
516;4;1
516;2;0
516;1;1
516;9;0
516;6;1
516;8;1
516;10;2
516;4;1
516;7;2
516;9;NA
517;5;0
517;2;2
517;1;0
517;9;1
517;6;2
517;10;2
517;4;1
517;7;0
517;9;0
517;8;NA
518;5;0
518;11;2
518;0;1
518;1;0
518;9;0
518;6;1
518;10;2
518;4;1
518;7;0
518;9;2
518;3;1
518;8;NA
519;5;0
519;4;1
519;0;0
519;1;1
519;9;0
519;6;0
519;5;0
519;10;2
519;4;2
519;0;0
519;8;NA
520;4;2
520;0;0
520;9;2
520;6;1
520;8;1
520;0;0
520;9;2
520;3;0
520;8;NA
521;5;0
521;2;0
521;1;2
521;10;2
521;4;1
521;7;2
521;9;2
521;3;1
521;8;NA
522;0;2
522;9;2
522;1;2
522;10;2
522;4;2
522;0;2
522;3;0
522;8;NA
523;5;1
523;4;1
523;0;0
523;9;0
523;1;1
523;9;1
523;6;1
523;10;2
523;4;1
523;7;2
523;0;0
523;8;NA
524;5;1
524;11;1
524;9;1
524;9;1
524;6;1
524;10;2
524;4;2
524;0;1
524;3;0
524;8;NA
525;5;1
525;11;0
525;9;2
525;6;2
525;10;2
525;4;1
525;7;0
525;9;2
525;3;0
525;8;NA
526;5;1
526;4;1
526;2;0
526;1;1
526;9;0
526;6;1
526;8;1
526;10;2
526;4;2
526;0;NA
527;5;0
527;2;2
527;1;1
527;9;1
527;6;0
527;5;0
527;10;2
527;4;2
527;0;2
527;3;1
527;8;NA
528;4;2
528;2;2
528;1;2
528;10;2
528;4;1
528;7;1
528;9;0
528;8;NA
529;5;1
529;4;1
529;0;2
529;9;2
529;6;1
529;5;0
529;10;2
529;4;1
529;7;NA
530;5;0
530;2;2
530;1;1
530;9;1
530;6;1
530;10;2
530;4;1
530;7;2
530;0;0
530;8;NA
531;5;1
531;4;0
531;2;0
531;1;0
531;9;1
531;6;2
531;10;2
531;4;2
531;0;2
531;3;1
531;8;NA
532;5;2
532;2;0
532;1;2
532;10;2
532;4;2
532;0;0
532;8;NA
533;5;0
533;4;0
533;11;1
533;9;2
533;1;2
533;10;2
533;4;1
533;7;2
533;0;0
533;8;NA
534;5;2
534;2;0
534;1;1
534;9;1
534;6;1
534;5;1
534;10;2
534;4;1
534;7;2
534;0;2
534;3;0
534;8;NA
535;5;0
535;4;1
535;0;2
535;9;2
535;6;2
535;10;2
535;4;2
535;0;1
535;3;NA
536;5;0
536;11;2
536;0;0
536;1;2
536;10;2
536;4;2
536;0;1
536;3;0
536;8;NA
537;4;0
537;2;0
537;1;1
537;9;0
537;6;0
537;5;1
537;10;2
537;4;1
537;7;2
537;0;0
537;8;NA
538;5;1
538;4;0
538;2;2
538;1;1
538;9;0
538;6;2
538;10;2
538;4;2
538;0;2
538;3;1
538;8;NA
539;5;1
539;11;1
539;9;0
539;9;0
539;6;1
539;5;1
539;10;2
539;4;2
539;0;0
539;8;NA
540;5;2
540;11;2
540;0;0
540;9;2
540;6;1
540;5;1
540;10;2
540;4;1
540;7;2
540;0;0
540;8;NA
541;4;0
541;0;0
541;1;2
541;10;2
541;4;2
541;0;1
541;3;1
541;8;NA
542;5;0
542;2;0
542;1;1
542;9;0
542;6;1
542;10;2
542;4;1
542;7;1
542;9;0
542;8;NA
543;5;0
543;4;1
543;2;0
543;1;0
543;9;1
543;6;0
543;5;1
543;10;2
543;4;2
543;0;0
543;8;NA
544;5;2
544;11;1
544;9;1
544;9;0
544;6;1
544;10;2
544;4;2
544;0;0
544;8;NA
545;4;1
545;2;0
545;1;0
545;9;0
545;6;1
545;8;0
545;0;0
545;7;2
545;0;0
545;8;NA
546;5;0
546;11;2
546;0;0
546;1;0
546;9;0
546;6;1
546;8;1
546;0;2
546;4;2
546;0;2
546;3;0
546;8;NA
547;5;0
547;2;2
547;1;2
547;10;2
547;4;2
547;0;1
547;3;0
547;8;NA
548;4;0
548;11;2
548;0;2
548;9;2
548;6;1
548;5;0
548;10;2
548;4;2
548;0;0
548;8;NA
549;5;0
549;4;0
549;2;2
549;1;0
549;9;1
549;6;1
549;10;2
549;4;2
549;0;2
549;3;NA
550;4;0
550;11;2
550;0;0
550;9;0
550;1;1
550;9;0
550;6;1
550;8;1
550;0;0
550;7;2
550;0;1
550;3;NA
551;5;1
551;4;0
551;11;2
551;0;0
551;1;0
551;9;1
551;6;0
551;5;1
551;10;2
551;4;1
551;7;2
551;9;2
551;3;NA
552;5;1
552;4;1
552;0;1
552;1;2
552;10;2
552;4;2
552;0;0
552;8;NA
553;0;2
553;9;0
553;1;2
553;10;2
553;4;2
553;0;1
553;3;1
553;8;NA
554;5;2
554;11;2
554;0;1
554;1;1
554;9;1
554;6;0
554;5;0
554;10;2
554;4;2
554;0;0
554;8;NA
555;5;0
555;2;0
555;1;1
555;9;0
555;6;0
555;5;1
555;10;2
555;4;2
555;0;2
555;3;1
555;8;NA
556;5;2
556;11;1
556;9;2
556;6;0
556;5;0
556;10;2
556;4;2
556;0;NA
557;5;0
557;2;0
557;1;2
557;10;2
557;4;2
557;0;2
557;3;NA
558;4;1
558;0;0
558;9;0
558;1;0
558;9;0
558;6;1
558;10;2
558;4;2
558;0;NA
559;5;0
559;2;2
559;1;0
559;9;0
559;6;1
559;8;1
559;10;2
559;4;1
559;7;NA
560;5;2
560;2;0
560;1;2
560;10;2
560;4;1
560;7;0
560;9;0
560;8;NA
561;5;0
561;2;2
561;1;1
561;9;0
561;6;0
561;5;1
561;10;2
561;4;1
561;7;0
561;9;2
561;3;NA
562;5;1
562;11;1
562;9;2
562;6;1
562;8;1
562;10;2
562;4;2
562;0;0
562;8;NA
563;5;2
563;2;0
563;1;2
563;10;2
563;4;1
563;7;1
563;9;2
563;3;0
563;8;NA
564;5;1
564;4;0
564;11;1
564;9;0
564;9;0
564;6;1
564;8;2
564;0;2
564;9;0
564;8;NA
565;5;0
565;4;1
565;0;0
565;9;0
565;1;2
565;10;2
565;4;2
565;0;2
565;3;NA
566;5;2
566;2;0
566;1;2
566;10;2
566;4;1
566;7;0
566;9;2
566;3;NA
567;11;0
567;9;2
567;1;0
567;9;0
567;6;1
567;8;0
567;0;0
567;7;2
567;0;2
567;3;1
567;8;NA
568;11;2
568;0;0
568;9;2
568;1;0
568;9;0
568;6;1
568;8;1
568;10;2
568;4;2
568;0;0
568;8;NA
569;5;2
569;2;2
569;1;2
569;10;2
569;4;2
569;0;1
569;3;1
569;8;NA
570;5;2
570;2;0
570;1;2
570;10;2
570;4;1
570;7;2
570;0;0
570;8;NA
571;5;1
571;4;0
571;11;1
571;9;0
571;1;0
571;9;0
571;6;1
571;8;0
571;0;1
571;9;2
571;8;NA
572;5;1
572;4;0
572;2;2
572;1;1
572;9;1
572;6;1
572;8;1
572;10;2
572;4;1
572;7;2
572;0;0
572;8;NA
573;11;0
573;9;0
573;1;2
573;10;2
573;4;1
573;7;2
573;9;2
573;8;NA
574;5;2
574;2;0
574;1;1
574;9;0
574;6;0
574;5;1
574;10;2
574;4;1
574;7;2
574;0;0
574;8;NA
575;5;0
575;2;0
575;1;2
575;10;2
575;4;2
575;0;0
575;8;NA
576;5;1
576;4;1
576;2;2
576;1;2
576;10;2
576;4;1
576;7;2
576;0;0
576;8;NA
577;11;0
577;9;2
577;6;1
577;10;2
577;4;2
577;0;2
577;3;0
577;8;NA
578;5;1
578;4;0
578;11;0
578;9;1
578;9;0
578;6;0
578;5;0
578;10;2
578;4;1
578;7;2
578;0;0
578;8;NA
579;5;1
579;4;1
579;2;2
579;1;2
579;10;2
579;4;2
579;0;0
579;8;NA
580;11;2
580;0;2
580;9;2
580;1;1
580;9;1
580;6;0
580;5;0
580;10;2
580;4;1
580;7;2
580;0;NA
581;4;2
581;2;0
581;1;1
581;9;1
581;6;1
581;8;2
581;0;0
581;7;2
581;0;0
581;8;NA
582;5;1
582;4;2
582;2;0
582;1;2
582;10;2
582;4;1
582;7;1
582;9;2
582;8;NA
583;5;2
583;11;2
583;0;0
583;1;2
583;10;2
583;4;1
583;7;1
583;9;2
583;3;1
583;8;NA
584;5;0
584;2;2
584;1;2
584;10;2
584;4;1
584;7;2
584;0;1
584;3;NA
585;5;0
585;11;1
585;9;0
585;1;0
585;9;0
585;6;1
585;10;2
585;4;1
585;7;0
585;9;0
585;8;NA
586;5;2
586;2;2
586;1;2
586;10;2
586;4;1
586;7;2
586;9;2
586;3;NA
587;5;0
587;4;1
587;0;0
587;1;2
587;10;2
587;4;2
587;0;2
587;3;0
587;8;NA
588;11;0
588;9;0
588;9;0
588;6;2
588;10;2
588;4;2
588;0;0
588;8;NA
589;5;1
589;4;2
589;0;0
589;9;2
589;6;2
589;10;2
589;4;1
589;7;2
589;0;1
589;3;NA
590;4;0
590;2;2
590;1;2
590;10;2
590;4;1
590;7;2
590;9;2
590;3;NA
591;4;0
591;11;2
591;0;0
591;1;0
591;9;0
591;6;1
591;5;1
591;10;2
591;4;2
591;0;0
591;8;NA
592;5;0
592;2;2
592;1;0
592;9;0
592;6;0
592;5;1
592;10;2
592;4;1
592;7;2
592;0;1
592;3;1
592;8;NA
593;5;0
593;11;2
593;0;1
593;1;2
593;10;2
593;4;2
593;0;NA
594;5;0
594;4;1
594;2;2
594;1;2
594;10;2
594;4;1
594;7;2
594;9;NA
595;5;1
595;4;2
595;2;2
595;1;1
595;9;0
595;6;1
595;8;2
595;0;0
595;4;2
595;0;0
595;8;NA
596;5;0
596;4;0
596;11;2
596;0;0
596;1;2
596;10;2
596;4;2
596;0;2
596;3;1
596;8;NA
597;5;0
597;2;2
597;1;2
597;10;2
597;4;1
597;7;2
597;0;0
597;8;NA
598;5;2
598;11;1
598;9;2
598;6;1
598;8;0
598;0;0
598;7;1
598;9;0
598;8;NA
599;5;1
599;4;0
599;11;2
599;0;2
599;9;0
599;9;1
599;6;0
599;5;0
599;10;2
599;4;2
599;0;0
599;8;NA
600;11;1
600;9;2
600;1;2
600;10;2
600;4;1
600;7;2
600;0;1
600;3;NA
601;4;0
601;0;0
601;9;1
601;9;0
601;6;1
601;8;1
601;10;2
601;4;1
601;7;0
601;9;NA
602;5;2
602;2;2
602;1;2
602;10;2
602;4;2
602;0;1
602;3;1
602;8;NA
603;5;1
603;11;0
603;9;0
603;1;2
603;10;2
603;4;2
603;0;0
603;8;NA
604;5;2
604;2;0
604;1;2
604;10;2
604;4;2
604;0;0
604;8;NA
605;5;1
605;11;2
605;0;0
605;1;2
605;10;2
605;4;1
605;7;0
605;9;2
605;8;NA
606;5;1
606;11;0
606;9;2
606;1;1
606;9;1
606;6;0
606;5;1
606;10;2
606;4;2
606;0;0
606;8;NA
607;5;2
607;11;0
607;9;1
607;9;1
607;6;1
607;8;1
607;10;2
607;4;1
607;7;0
607;9;0
607;8;NA
608;11;2
608;0;0
608;9;1
608;9;0
608;6;1
608;8;1
608;0;1
608;9;2
608;8;NA
609;0;1
609;1;1
609;9;0
609;6;1
609;10;2
609;4;1
609;7;2
609;0;0
609;8;NA
610;5;1
610;4;0
610;11;2
610;0;0
610;9;2
610;6;1
610;5;0
610;10;2
610;4;1
610;7;0
610;9;2
610;3;NA
611;4;2
611;2;2
611;1;2
611;10;2
611;4;2
611;0;1
611;3;1
611;8;NA
612;5;2
612;2;2
612;1;2
612;10;2
612;4;1
612;7;2
612;0;2
612;3;NA
613;5;0
613;4;0
613;11;1
613;9;2
613;1;0
613;9;1
613;6;1
613;8;0
613;0;0
613;7;2
613;0;2
613;3;0
613;8;NA
614;5;0
614;4;0
614;0;1
614;1;2
614;10;2
614;4;2
614;0;1
614;3;NA
615;5;0
615;2;2
615;1;2
615;10;2
615;4;2
615;0;2
615;3;0
615;8;NA
616;5;2
616;2;0
616;1;0
616;9;1
616;6;1
616;10;2
616;4;2
616;0;1
616;3;0
616;8;NA
617;5;0
617;4;1
617;0;0
617;1;1
617;9;0
617;6;0
617;5;1
617;10;2
617;4;1
617;7;2
617;0;0
617;8;NA
618;5;1
618;11;2
618;0;1
618;1;1
618;9;1
618;6;2
618;10;2
618;4;1
618;7;2
618;9;2
618;3;0
618;8;NA
619;5;0
619;4;0
619;2;2
619;1;2
619;10;2
619;4;1
619;7;1
619;9;2
619;3;0
619;8;NA
620;5;1
620;4;0
620;11;2
620;0;1
620;1;1
620;9;1
620;6;1
620;8;1
620;0;2
620;4;1
620;7;2
620;9;NA
621;4;2
621;0;2
621;9;0
621;9;0
621;6;1
621;10;2
621;4;2
621;0;0
621;8;NA
622;11;0
622;9;2
622;6;2
622;10;2
622;4;1
622;7;2
622;0;0
622;8;NA
623;5;0
623;2;0
623;1;2
623;10;2
623;4;2
623;0;0
623;8;NA
624;5;2
624;2;2
624;1;0
624;9;1
624;6;1
624;10;2
624;4;1
624;7;2
624;0;NA
625;5;0
625;4;0
625;2;0
625;1;2
625;10;2
625;4;2
625;0;0
625;8;NA
626;5;1
626;11;1
626;9;1
626;9;0
626;6;1
626;8;0
626;0;2
626;4;2
626;0;0
626;8;NA
627;5;2
627;2;2
627;1;0
627;9;1
627;6;1
627;5;0
627;10;2
627;4;1
627;7;2
627;0;2
627;3;0
627;8;NA
628;4;0
628;11;2
628;0;1
628;1;0
628;9;1
628;6;0
628;5;0
628;10;2
628;4;2
628;0;0
628;8;NA
629;5;0
629;2;0
629;1;0
629;9;1
629;6;2
629;10;2
629;4;2
629;0;0
629;8;NA
630;4;2
630;2;0
630;1;2
630;10;2
630;4;1
630;7;2
630;0;2
630;3;0
630;8;NA
631;5;2
631;2;0
631;1;0
631;9;0
631;6;0
631;5;1
631;10;2
631;4;1
631;7;2
631;9;2
631;8;NA
632;5;0
632;2;0
632;1;1
632;9;0
632;6;1
632;10;2
632;4;2
632;0;0
632;8;NA
633;4;1
633;0;2
633;9;0
633;9;0
633;6;0
633;5;1
633;10;2
633;4;2
633;0;0
633;8;NA
634;5;0
634;11;2
634;0;0
634;1;2
634;10;2
634;4;1
634;7;2
634;9;2
634;8;NA
635;5;0
635;4;2
635;2;0
635;1;1
635;9;0
635;6;0
635;5;1
635;10;2
635;4;1
635;7;1
635;9;2
635;3;0
635;8;NA
636;5;1
636;4;0
636;11;2
636;0;1
636;1;0
636;9;0
636;6;1
636;10;2
636;4;1
636;7;2
636;9;2
636;8;NA
637;5;2
637;2;2
637;1;0
637;9;1
637;6;1
637;10;2
637;4;2
637;0;NA
638;4;0
638;0;1
638;1;0
638;9;0
638;6;1
638;10;2
638;4;2
638;0;0
638;8;NA
639;5;0
639;11;2
639;0;1
639;1;2
639;10;2
639;4;1
639;7;2
639;0;0
639;8;NA
640;4;2
640;0;1
640;1;2
640;10;2
640;4;1
640;7;2
640;0;0
640;8;NA
641;5;0
641;11;1
641;9;1
641;9;0
641;6;1
641;5;0
641;10;2
641;4;2
641;0;1
641;3;1
641;8;NA
642;11;0
642;9;0
642;9;1
642;6;1
642;5;0
642;10;2
642;4;2
642;0;0
642;8;NA
643;5;0
643;4;0
643;11;2
643;0;2
643;9;2
643;6;2
643;10;2
643;4;2
643;0;0
643;8;NA
644;5;2
644;2;2
644;1;1
644;9;1
644;6;1
644;8;1
644;10;2
644;4;2
644;0;1
644;3;1
644;8;NA
645;4;1
645;0;2
645;9;2
645;6;1
645;8;1
645;10;2
645;4;2
645;0;0
645;8;NA
646;5;1
646;4;0
646;11;1
646;9;2
646;1;2
646;10;2
646;4;1
646;7;1
646;9;0
646;8;NA
647;5;0
647;4;1
647;2;2
647;1;0
647;9;1
647;6;1
647;8;1
647;10;2
647;4;1
647;7;0
647;9;2
647;8;NA
648;5;1
648;11;1
648;9;0
648;1;2
648;10;2
648;4;2
648;0;2
648;3;NA
649;5;0
649;4;0
649;11;2
649;0;1
649;1;2
649;10;2
649;4;2
649;0;NA
650;5;0
650;2;0
650;1;0
650;9;1
650;6;1
650;10;2
650;4;1
650;7;2
650;0;NA
651;5;0
651;11;1
651;9;0
651;1;1
651;9;1
651;6;1
651;5;0
651;10;2
651;4;1
651;7;2
651;9;2
651;8;NA
652;4;0
652;0;0
652;1;2
652;10;2
652;4;2
652;0;2
652;3;0
652;8;NA
653;5;0
653;2;0
653;1;1
653;9;0
653;6;1
653;5;1
653;10;2
653;4;2
653;0;1
653;3;NA
654;5;2
654;11;2
654;0;0
654;9;1
654;9;1
654;6;1
654;8;0
654;0;0
654;9;2
654;3;1
654;8;NA
655;5;1
655;4;1
655;0;2
655;9;2
655;6;1
655;8;1
655;10;2
655;4;2
655;0;0
655;8;NA
656;4;0
656;0;0
656;9;2
656;6;0
656;5;1
656;10;2
656;4;1
656;7;2
656;9;2
656;8;NA
657;4;0
657;2;0
657;1;0
657;9;0
657;6;0
657;5;1
657;10;2
657;4;1
657;7;2
657;9;2
657;8;NA
658;5;0
658;11;2
658;0;2
658;9;2
658;6;1
658;5;1
658;10;2
658;4;1
658;7;2
658;0;0
658;8;NA
659;2;0
659;1;2
659;10;2
659;4;2
659;0;0
659;8;NA
660;5;0
660;11;2
660;0;0
660;1;1
660;9;1
660;6;1
660;10;2
660;4;2
660;0;2
660;3;0
660;8;NA
661;4;0
661;11;2
661;0;0
661;9;0
661;9;0
661;6;1
661;8;1
661;10;2
661;4;2
661;0;0
661;8;NA
662;11;2
662;0;0
662;1;2
662;10;2
662;4;2
662;0;0
662;8;NA
663;5;0
663;2;2
663;1;0
663;9;1
663;6;1
663;10;2
663;4;2
663;0;NA
664;5;2
664;11;1
664;9;2
664;1;0
664;9;1
664;6;1
664;8;0
664;0;0
664;7;2
664;0;2
664;3;1
664;8;NA
665;5;0
665;2;2
665;1;2
665;10;2
665;4;2
665;0;0
665;8;NA
666;5;0
666;4;1
666;0;0
666;9;0
666;1;1
666;9;1
666;6;0
666;5;0
666;10;2
666;4;1
666;7;2
666;0;0
666;8;NA
667;5;2
667;2;0
667;1;2
667;10;2
667;4;2
667;0;2
667;3;0
667;8;NA
668;5;0
668;2;0
668;1;2
668;10;2
668;4;1
668;7;2
668;0;2
668;3;1
668;8;NA
669;5;1
669;11;2
669;0;0
669;9;2
669;6;1
669;8;1
669;10;2
669;4;1
669;7;0
669;9;2
669;8;NA
670;5;2
670;2;0
670;1;1
670;9;1
670;6;1
670;8;1
670;0;2
670;9;2
670;8;NA
671;5;2
671;11;2
671;0;0
671;9;1
671;9;0
671;6;0
671;5;0
671;10;2
671;4;2
671;0;0
671;8;NA
672;4;0
672;2;2
672;1;2
672;10;2
672;4;1
672;7;0
672;9;0
672;8;NA
673;5;0
673;2;2
673;1;2
673;10;2
673;4;2
673;0;1
673;3;0
673;8;NA
674;5;0
674;4;0
674;0;0
674;9;2
674;6;1
674;10;2
674;4;1
674;7;2
674;0;2
674;3;0
674;8;NA
675;5;0
675;2;2
675;1;1
675;9;1
675;6;1
675;10;2
675;4;2
675;0;0
675;8;NA
676;11;2
676;0;1
676;1;2
676;10;2
676;4;2
676;0;0
676;8;NA
677;5;1
677;4;0
677;11;2
677;0;1
677;1;1
677;9;0
677;6;2
677;10;2
677;4;2
677;0;NA
678;4;0
678;0;0
678;9;0
678;9;1
678;6;2
678;10;2
678;4;2
678;0;NA
679;5;0
679;2;0
679;1;2
679;10;2
679;4;2
679;0;2
679;3;NA
680;5;1
680;11;1
680;9;2
680;6;2
680;10;2
680;4;1
680;7;0
680;9;2
680;8;NA
681;4;0
681;11;1
681;9;2
681;1;1
681;9;0
681;6;1
681;5;0
681;10;2
681;4;2
681;0;0
681;8;NA
682;5;1
682;4;2
682;0;0
682;1;0
682;9;0
682;6;1
682;10;2
682;4;2
682;0;1
682;3;0
682;8;NA
683;5;0
683;11;2
683;0;0
683;1;0
683;9;0
683;6;1
683;8;1
683;10;2
683;4;2
683;0;0
683;8;NA
684;4;2
684;2;2
684;1;0
684;9;1
684;6;1
684;10;2
684;4;2
684;0;1
684;3;0
684;8;NA
685;4;0
685;2;2
685;1;1
685;9;1
685;6;1
685;5;0
685;10;2
685;4;1
685;7;2
685;0;0
685;8;NA
686;5;1
686;11;0
686;9;2
686;6;1
686;8;1
686;0;0
686;7;1
686;9;2
686;8;NA
687;5;0
687;2;2
687;1;0
687;9;1
687;6;0
687;5;1
687;10;2
687;4;2
687;0;0
687;8;NA
688;5;0
688;4;2
688;0;2
688;9;0
688;9;1
688;6;1
688;8;0
688;0;0
688;9;2
688;8;NA
689;4;2
689;2;2
689;1;1
689;9;0
689;6;1
689;8;1
689;10;2
689;4;1
689;7;2
689;9;NA
690;5;1
690;4;2
690;2;0
690;1;2
690;10;2
690;4;1
690;7;2
690;0;0
690;8;NA
691;5;1
691;11;0
691;9;2
691;1;0
691;9;1
691;6;1
691;5;1
691;10;2
691;4;2
691;0;0
691;8;NA
692;5;0
692;2;0
692;1;0
692;9;1
692;6;2
692;10;2
692;4;2
692;0;0
692;8;NA
693;5;0
693;11;0
693;9;1
693;9;1
693;6;1
693;10;2
693;4;1
693;7;2
693;9;NA
694;5;2
694;11;1
694;9;2
694;1;0
694;9;0
694;6;0
694;5;0
694;10;2
694;4;1
694;7;1
694;9;2
694;3;1
694;8;NA
695;5;2
695;2;2
695;1;2
695;10;2
695;4;2
695;0;1
695;3;0
695;8;NA
696;5;2
696;11;2
696;0;2
696;9;2
696;6;1
696;5;1
696;10;2
696;4;2
696;0;2
696;3;1
696;8;NA
697;5;1
697;4;1
697;2;0
697;1;2
697;10;2
697;4;2
697;0;0
697;8;NA
698;5;1
698;4;2
698;0;1
698;1;2
698;10;2
698;4;2
698;0;0
698;8;NA
699;5;1
699;4;0
699;2;0
699;1;2
699;10;2
699;4;2
699;0;2
699;3;0
699;8;NA
700;0;1
700;1;2
700;10;2
700;4;1
700;7;0
700;9;0
700;8;NA
701;4;0
701;11;0
701;9;2
701;6;1
701;10;2
701;4;2
701;0;2
701;3;NA
702;5;0
702;11;2
702;0;0
702;1;0
702;9;0
702;6;0
702;5;0
702;10;2
702;4;1
702;7;2
702;0;0
702;8;NA
703;4;0
703;11;1
703;9;1
703;9;0
703;6;1
703;10;2
703;4;2
703;0;0
703;8;NA
704;11;2
704;0;2
704;9;2
704;1;2
704;10;2
704;4;1
704;7;0
704;9;2
704;3;1
704;8;NA
705;5;0
705;2;2
705;1;0
705;9;1
705;6;1
705;10;2
705;4;1
705;7;0
705;9;2
705;3;1
705;8;NA
706;5;0
706;2;2
706;1;2
706;10;2
706;4;1
706;7;2
706;0;0
706;8;NA
707;5;1
707;4;2
707;0;1
707;1;1
707;9;1
707;6;1
707;8;1
707;10;2
707;4;2
707;0;NA
708;5;0
708;11;1
708;9;2
708;6;1
708;8;1
708;0;0
708;7;2
708;0;2
708;3;1
708;8;NA
709;5;1
709;4;0
709;11;0
709;9;2
709;1;2
709;10;2
709;4;1
709;7;2
709;0;0
709;8;NA
710;11;1
710;9;2
710;6;1
710;8;0
710;0;0
710;7;0
710;9;0
710;8;NA
711;5;2
711;2;2
711;1;1
711;9;0
711;6;1
711;5;0
711;10;2
711;4;2
711;0;0
711;8;NA
712;5;1
712;4;1
712;0;1
712;1;1
712;9;1
712;6;2
712;10;2
712;4;1
712;7;2
712;0;0
712;8;NA
713;5;2
713;2;0
713;1;0
713;9;0
713;6;2
713;10;2
713;4;2
713;0;0
713;8;NA
714;5;1
714;4;1
714;0;0
714;9;1
714;9;1
714;6;1
714;5;1
714;10;2
714;4;2
714;0;1
714;3;1
714;8;NA
715;5;2
715;11;2
715;0;0
715;1;2
715;10;2
715;4;2
715;0;0
715;8;NA
716;5;1
716;11;0
716;9;0
716;1;2
716;10;2
716;4;2
716;0;0
716;8;NA
717;5;1
717;11;2
717;0;1
717;1;2
717;10;2
717;4;2
717;0;0
717;8;NA
718;4;0
718;11;2
718;0;0
718;9;2
718;6;1
718;8;1
718;10;2
718;4;2
718;0;0
718;8;NA
719;5;0
719;4;0
719;0;0
719;1;2
719;10;2
719;4;1
719;7;2
719;0;0
719;8;NA
720;5;0
720;2;0
720;1;2
720;10;2
720;4;1
720;7;2
720;0;2
720;3;0
720;8;NA
721;5;2
721;11;2
721;0;0
721;1;0
721;9;0
721;6;1
721;8;0
721;0;0
721;7;2
721;0;1
721;3;NA
722;5;0
722;2;0
722;1;1
722;9;0
722;6;1
722;10;2
722;4;1
722;7;1
722;9;0
722;8;NA
723;5;0
723;4;0
723;11;0
723;9;2
723;6;1
723;8;0
723;0;0
723;4;1
723;7;2
723;0;0
723;8;NA
724;5;1
724;11;2
724;0;0
724;1;0
724;9;1
724;6;1
724;8;1
724;10;2
724;4;2
724;0;1
724;3;1
724;8;NA
725;4;0
725;2;2
725;1;0
725;9;0
725;6;1
725;10;2
725;4;2
725;0;0
725;8;NA
726;4;1
726;0;0
726;9;2
726;6;1
726;8;1
726;10;2
726;4;2
726;0;1
726;3;NA
727;5;1
727;11;2
727;0;1
727;1;2
727;10;2
727;4;2
727;0;1
727;3;0
727;8;NA
728;4;1
728;0;2
728;9;0
728;9;0
728;6;1
728;8;1
728;10;2
728;4;1
728;7;2
728;9;2
728;3;1
728;8;NA
729;11;0
729;9;2
729;1;1
729;9;0
729;6;1
729;5;1
729;10;2
729;4;1
729;7;2
729;0;0
729;8;NA
730;5;2
730;2;2
730;1;2
730;10;2
730;4;2
730;0;1
730;3;1
730;8;NA
731;5;0
731;4;0
731;11;2
731;0;2
731;9;1
731;9;1
731;6;1
731;8;2
731;0;0
731;4;1
731;7;2
731;0;0
731;8;NA
732;5;2
732;11;2
732;0;1
732;1;0
732;9;0
732;6;1
732;8;1
732;0;0
732;7;1
732;9;0
732;8;NA
733;5;0
733;4;2
733;2;2
733;1;1
733;9;1
733;6;2
733;10;2
733;4;1
733;7;2
733;0;0
733;8;NA
734;5;1
734;4;0
734;11;2
734;0;2
734;9;2
734;6;1
734;8;1
734;10;2
734;4;2
734;0;1
734;3;0
734;8;NA
735;5;1
735;4;2
735;0;1
735;1;2
735;10;2
735;4;2
735;0;2
735;3;0
735;8;NA
736;5;2
736;2;2
736;1;1
736;9;0
736;6;1
736;10;2
736;4;2
736;0;0
736;8;NA
737;4;0
737;2;2
737;1;1
737;9;0
737;6;1
737;10;2
737;4;1
737;7;2
737;0;2
737;3;1
737;8;NA
738;5;0
738;2;0
738;1;0
738;9;1
738;6;2
738;10;2
738;4;2
738;0;2
738;3;NA
739;5;1
739;4;0
739;0;1
739;1;2
739;10;2
739;4;1
739;7;2
739;0;0
739;8;NA
740;5;0
740;4;2
740;0;0
740;1;2
740;10;2
740;4;1
740;7;2
740;0;2
740;3;0
740;8;NA
741;4;0
741;11;0
741;9;0
741;9;0
741;6;0
741;5;1
741;10;2
741;4;1
741;7;1
741;9;2
741;8;NA
742;5;0
742;4;2
742;0;0
742;9;0
742;1;2
742;10;2
742;4;2
742;0;1
742;3;1
742;8;NA
743;5;2
743;2;0
743;1;0
743;9;1
743;6;1
743;5;0
743;10;2
743;4;1
743;7;1
743;9;2
743;8;NA
744;5;1
744;11;2
744;0;1
744;1;2
744;10;2
744;4;2
744;0;0
744;8;NA
745;5;2
745;11;0
745;9;1
745;9;1
745;6;1
745;8;1
745;10;2
745;4;1
745;7;2
745;0;0
745;8;NA
746;5;1
746;11;0
746;9;1
746;9;0
746;6;1
746;5;0
746;10;2
746;4;1
746;7;2
746;9;2
746;3;0
746;8;NA
747;5;2
747;11;2
747;0;0
747;9;2
747;6;2
747;10;2
747;4;2
747;0;1
747;3;0
747;8;NA
748;5;1
748;11;0
748;9;2
748;6;1
748;8;1
748;10;2
748;4;2
748;0;0
748;8;NA
749;5;0
749;2;0
749;1;1
749;9;1
749;6;0
749;5;1
749;10;2
749;4;1
749;7;2
749;9;2
749;3;1
749;8;NA
750;4;0
750;11;2
750;0;0
750;9;0
750;1;0
750;9;1
750;6;2
750;10;2
750;4;1
750;7;0
750;9;2
750;8;NA
751;5;1
751;4;1
751;2;0
751;1;0
751;9;1
751;6;1
751;10;2
751;4;1
751;7;0
751;9;2
751;8;NA
752;4;1
752;2;0
752;1;1
752;9;0
752;6;1
752;8;0
752;0;0
752;7;1
752;9;2
752;3;1
752;8;NA
753;5;1
753;4;2
753;2;0
753;1;2
753;10;2
753;4;2
753;0;2
753;3;0
753;8;NA
754;5;1
754;11;0
754;9;1
754;9;1
754;6;0
754;5;1
754;10;2
754;4;1
754;7;0
754;9;2
754;8;NA
755;4;0
755;0;2
755;9;1
755;9;0
755;6;1
755;8;1
755;10;2
755;4;2
755;0;2
755;3;0
755;8;NA
756;5;0
756;11;2
756;0;0
756;9;0
756;9;1
756;6;1
756;8;1
756;10;2
756;4;2
756;0;0
756;8;NA
757;5;0
757;2;2
757;1;1
757;9;1
757;6;1
757;10;2
757;4;1
757;7;2
757;9;2
757;8;NA
758;4;0
758;0;0
758;9;0
758;9;0
758;6;1
758;5;0
758;10;2
758;4;2
758;0;2
758;3;0
758;8;NA
759;5;0
759;2;0
759;1;0
759;9;0
759;6;1
759;5;1
759;10;2
759;4;1
759;7;0
759;9;2
759;8;NA
760;5;0
760;11;2
760;0;0
760;1;2
760;10;2
760;4;1
760;7;2
760;9;2
760;3;NA
761;5;2
761;11;2
761;0;2
761;9;1
761;9;1
761;6;1
761;8;1
761;0;0
761;7;NA
762;5;1
762;4;0
762;11;1
762;9;2
762;6;1
762;5;1
762;10;2
762;4;1
762;7;2
762;0;0
762;8;NA
763;5;1
763;4;0
763;11;0
763;9;2
763;6;1
763;5;0
763;10;2
763;4;2
763;0;0
763;8;NA
764;5;2
764;11;2
764;0;1
764;1;1
764;9;1
764;6;1
764;5;1
764;10;2
764;4;2
764;0;0
764;8;NA
765;5;2
765;11;2
765;0;0
765;9;2
765;6;2
765;10;2
765;4;1
765;7;2
765;0;NA
766;5;1
766;11;1
766;9;2
766;1;1
766;9;0
766;6;1
766;8;1
766;0;0
766;7;2
766;0;2
766;3;NA
767;11;0
767;9;2
767;1;1
767;9;1
767;6;1
767;8;1
767;10;2
767;4;2
767;0;NA
768;5;0
768;2;2
768;1;2
768;10;2
768;4;2
768;0;0
768;8;NA
769;5;2
769;2;2
769;1;1
769;9;1
769;6;1
769;8;1
769;10;2
769;4;1
769;7;1
769;9;2
769;3;1
769;8;NA
770;4;1
770;0;0
770;1;0
770;9;0
770;6;1
770;10;2
770;4;1
770;7;2
770;0;0
770;8;NA
771;5;2
771;2;2
771;1;1
771;9;1
771;6;1
771;5;0
771;10;2
771;4;2
771;0;2
771;3;NA
772;4;2
772;2;2
772;1;1
772;9;0
772;6;1
772;10;2
772;4;2
772;0;0
772;8;NA
773;4;1
773;0;2
773;9;1
773;9;1
773;6;1
773;8;1
773;10;2
773;4;2
773;0;1
773;3;0
773;8;NA
774;5;0
774;11;2
774;0;0
774;9;2
774;6;1
774;5;1
774;10;2
774;4;2
774;0;2
774;3;1
774;8;NA
775;5;0
775;11;0
775;9;0
775;1;1
775;9;0
775;6;1
775;8;0
775;0;0
775;4;1
775;7;2
775;0;1
775;3;NA
776;5;0
776;2;2
776;1;0
776;9;0
776;6;0
776;5;0
776;10;2
776;4;2
776;0;0
776;8;NA
777;5;0
777;4;0
777;2;2
777;1;0
777;9;0
777;6;0
777;5;1
777;10;2
777;4;2
777;0;0
777;8;NA
778;5;1
778;11;2
778;0;0
778;1;1
778;9;0
778;6;1
778;8;0
778;0;0
778;7;2
778;0;2
778;3;1
778;8;NA
779;5;2
779;2;2
779;1;2
779;10;2
779;4;1
779;7;1
779;9;0
779;8;NA
780;5;0
780;4;0
780;11;0
780;9;1
780;9;1
780;6;1
780;8;1
780;0;2
780;9;0
780;8;NA
781;5;1
781;4;0
781;2;2
781;1;2
781;10;2
781;4;2
781;0;1
781;3;NA
782;5;2
782;2;0
782;1;2
782;10;2
782;4;1
782;7;2
782;0;0
782;8;NA
783;5;0
783;4;1
783;2;0
783;1;2
783;10;2
783;4;1
783;7;2
783;0;0
783;8;NA
784;5;0
784;2;2
784;1;2
784;10;2
784;4;1
784;7;2
784;0;2
784;3;1
784;8;NA
785;4;2
785;0;1
785;1;2
785;10;2
785;4;1
785;7;2
785;0;0
785;8;NA
786;4;0
786;11;0
786;9;2
786;6;1
786;8;1
786;0;1
786;9;0
786;8;NA
787;5;2
787;2;2
787;1;1
787;9;0
787;6;0
787;5;1
787;10;2
787;4;2
787;0;1
787;3;NA
788;5;0
788;4;0
788;2;0
788;1;2
788;10;2
788;4;2
788;0;0
788;8;NA
789;5;0
789;4;0
789;11;2
789;0;2
789;9;0
789;9;0
789;6;1
789;5;0
789;10;2
789;4;2
789;0;NA
790;5;0
790;4;0
790;11;0
790;9;2
790;6;2
790;10;2
790;4;1
790;7;2
790;0;2
790;3;1
790;8;NA
791;5;0
791;2;0
791;1;1
791;9;1
791;6;1
791;8;1
791;10;2
791;4;2
791;0;1
791;3;0
791;8;NA
792;4;1
792;2;0
792;1;2
792;10;2
792;4;2
792;0;2
792;3;0
792;8;NA
793;5;1
793;4;2
793;0;2
793;9;2
793;1;1
793;9;0
793;6;1
793;8;1
793;0;0
793;7;2
793;9;0
793;8;NA
794;4;0
794;0;1
794;1;2
794;10;2
794;4;1
794;7;2
794;0;1
794;3;1
794;8;NA
795;5;0
795;11;2
795;0;0
795;9;1
795;9;0
795;6;1
795;5;0
795;10;2
795;4;2
795;0;2
795;3;NA
796;11;0
796;9;0
796;9;0
796;6;1
796;10;2
796;4;1
796;7;1
796;9;2
796;8;NA
797;5;1
797;4;0
797;0;2
797;9;2
797;6;1
797;5;0
797;10;2
797;4;1
797;7;1
797;9;2
797;8;NA
798;5;0
798;4;0
798;11;2
798;0;2
798;9;0
798;1;1
798;9;0
798;6;1
798;5;1
798;10;2
798;4;2
798;0;1
798;3;1
798;8;NA
799;5;0
799;4;1
799;2;0
799;1;0
799;9;0
799;6;2
799;10;2
799;4;2
799;0;0
799;8;NA
800;5;2
800;2;0
800;1;1
800;9;1
800;6;1
800;8;1
800;10;2
800;4;1
800;7;0
800;9;2
800;8;NA
801;5;2
801;2;2
801;1;0
801;9;1
801;6;1
801;5;1
801;10;2
801;4;1
801;7;2
801;0;0
801;8;NA
802;5;0
802;2;2
802;1;2
802;10;2
802;4;1
802;7;2
802;0;0
802;8;NA
803;5;2
803;11;0
803;9;0
803;9;1
803;6;1
803;10;2
803;4;1
803;7;1
803;9;2
803;8;NA
804;5;1
804;11;1
804;9;1
804;9;0
804;6;1
804;10;2
804;4;2
804;0;0
804;8;NA
805;4;1
805;2;2
805;1;2
805;10;2
805;4;2
805;0;1
805;3;1
805;8;NA
806;5;0
806;4;2
806;0;1
806;1;2
806;10;2
806;4;2
806;0;2
806;3;NA
807;4;0
807;2;2
807;1;2
807;10;2
807;4;1
807;7;2
807;0;0
807;8;NA
808;5;1
808;11;0
808;9;2
808;6;1
808;10;2
808;4;1
808;7;2
808;0;1
808;3;NA
809;5;0
809;11;0
809;9;2
809;1;0
809;9;1
809;6;1
809;8;1
809;10;2
809;4;1
809;7;0
809;9;2
809;3;NA
810;5;2
810;2;2
810;1;0
810;9;1
810;6;1
810;5;0
810;10;2
810;4;1
810;7;0
810;9;2
810;3;NA
811;5;2
811;2;0
811;1;2
811;10;2
811;4;2
811;0;2
811;3;NA
812;5;1
812;11;1
812;9;0
812;9;1
812;6;2
812;10;2
812;4;1
812;7;0
812;9;NA
813;5;1
813;4;2
813;2;2
813;1;0
813;9;1
813;6;2
813;10;2
813;4;1
813;7;2
813;9;0
813;8;NA
814;11;0
814;9;0
814;9;1
814;6;1
814;5;1
814;10;2
814;4;1
814;7;NA
815;4;0
815;2;2
815;1;2
815;10;2
815;4;2
815;0;0
815;8;NA
816;5;1
816;4;1
816;0;0
816;9;1
816;9;0
816;6;2
816;10;2
816;4;1
816;7;2
816;9;0
816;8;NA
817;5;0
817;4;0
817;2;0
817;1;1
817;9;1
817;6;1
817;10;2
817;4;2
817;0;2
817;3;1
817;8;NA
818;5;1
818;11;2
818;0;0
818;1;0
818;9;1
818;6;1
818;5;0
818;10;2
818;4;1
818;7;2
818;0;0
818;8;NA
819;5;0
819;11;2
819;0;0
819;1;1
819;9;1
819;6;2
819;10;2
819;4;2
819;0;0
819;8;NA
820;5;0
820;4;0
820;11;2
820;0;2
820;9;2
820;1;2
820;10;2
820;4;2
820;0;0
820;8;NA
821;5;0
821;4;0
821;2;2
821;1;0
821;9;0
821;6;0
821;5;0
821;10;2
821;4;2
821;0;2
821;3;0
821;8;NA
822;5;0
822;2;2
822;1;0
822;9;0
822;6;1
822;8;1
822;0;0
822;4;2
822;0;2
822;3;1
822;8;NA
823;5;2
823;11;0
823;9;2
823;6;1
823;8;1
823;0;0
823;9;2
823;3;0
823;8;NA
824;0;2
824;9;1
824;9;0
824;6;2
824;10;2
824;4;2
824;0;0
824;8;NA
825;4;0
825;11;2
825;0;2
825;9;2
825;1;1
825;9;1
825;6;1
825;8;1
825;0;2
825;9;0
825;8;NA
826;5;0
826;2;2
826;1;2
826;10;2
826;4;2
826;0;1
826;3;NA
827;11;1
827;9;2
827;1;1
827;9;1
827;6;1
827;5;0
827;10;2
827;4;2
827;0;0
827;8;NA
828;5;1
828;11;0
828;9;0
828;9;1
828;6;1
828;5;1
828;10;2
828;4;2
828;0;1
828;3;NA
829;4;0
829;11;1
829;9;2
829;6;1
829;5;1
829;10;2
829;4;2
829;0;2
829;3;NA
830;5;1
830;4;0
830;11;2
830;0;0
830;1;2
830;10;2
830;4;2
830;0;1
830;3;NA
831;5;2
831;11;1
831;9;0
831;1;1
831;9;1
831;6;2
831;10;2
831;4;1
831;7;2
831;0;0
831;8;NA
832;5;1
832;4;0
832;11;2
832;0;0
832;1;2
832;10;2
832;4;1
832;7;2
832;0;0
832;8;NA
833;5;1
833;11;1
833;9;2
833;6;0
833;5;0
833;10;2
833;4;1
833;7;1
833;9;2
833;8;NA
834;5;0
834;4;0
834;11;2
834;0;2
834;9;2
834;6;1
834;10;2
834;4;2
834;0;1
834;3;1
834;8;NA
835;5;1
835;4;0
835;0;0
835;1;2
835;10;2
835;4;1
835;7;2
835;0;2
835;3;0
835;8;NA
836;5;0
836;4;0
836;2;0
836;1;2
836;10;2
836;4;1
836;7;1
836;9;2
836;8;NA
837;5;0
837;4;0
837;11;2
837;0;0
837;9;2
837;6;1
837;10;2
837;4;1
837;7;0
837;9;2
837;3;0
837;8;NA
838;5;2
838;2;0
838;1;2
838;10;2
838;4;1
838;7;2
838;9;2
838;3;NA
839;11;1
839;9;2
839;6;0
839;5;0
839;10;2
839;4;2
839;0;1
839;3;1
839;8;NA
840;5;2
840;11;0
840;9;1
840;9;1
840;6;1
840;8;1
840;10;2
840;4;1
840;7;2
840;9;0
840;8;NA
841;5;1
841;4;1
841;2;2
841;1;2
841;10;2
841;4;2
841;0;0
841;8;NA
842;5;0
842;4;1
842;0;0
842;1;2
842;10;2
842;4;2
842;0;0
842;8;NA
843;4;0
843;2;0
843;1;0
843;9;0
843;6;1
843;10;2
843;4;2
843;0;0
843;8;NA
844;4;2
844;2;0
844;1;2
844;10;2
844;4;1
844;7;2
844;0;0
844;8;NA
845;5;0
845;4;0
845;2;2
845;1;2
845;10;2
845;4;1
845;7;1
845;9;2
845;3;NA
846;5;0
846;4;2
846;2;0
846;1;1
846;9;1
846;6;0
846;5;0
846;10;2
846;4;2
846;0;0
846;8;NA
847;4;0
847;0;1
847;1;2
847;10;2
847;4;2
847;0;1
847;3;0
847;8;NA
848;5;0
848;4;1
848;0;0
848;1;1
848;9;0
848;6;1
848;8;1
848;10;2
848;4;2
848;0;2
848;3;1
848;8;NA
849;5;2
849;11;2
849;0;1
849;1;0
849;9;1
849;6;1
849;5;0
849;10;2
849;4;1
849;7;2
849;9;2
849;8;NA
850;5;1
850;4;0
850;11;2
850;0;0
850;1;1
850;9;0
850;6;1
850;8;1
850;10;2
850;4;2
850;0;0
850;8;NA
851;5;2
851;2;2
851;1;2
851;10;2
851;4;1
851;7;2
851;0;0
851;8;NA
852;5;2
852;11;0
852;9;0
852;9;0
852;6;1
852;5;1
852;10;2
852;4;1
852;7;2
852;0;1
852;3;1
852;8;NA
853;5;0
853;2;0
853;1;0
853;9;0
853;6;2
853;10;2
853;4;1
853;7;1
853;9;0
853;8;NA
854;5;2
854;11;2
854;0;2
854;9;2
854;6;1
854;8;1
854;10;2
854;4;1
854;7;2
854;9;0
854;8;NA
855;5;0
855;11;2
855;0;0
855;1;2
855;10;2
855;4;2
855;0;0
855;8;NA
856;11;1
856;9;0
856;9;0
856;6;1
856;8;2
856;0;2
856;4;2
856;0;1
856;3;NA
857;5;2
857;11;1
857;9;2
857;1;1
857;9;0
857;6;2
857;10;2
857;4;2
857;0;0
857;8;NA
858;5;1
858;4;1
858;0;2
858;9;2
858;6;0
858;5;0
858;10;2
858;4;2
858;0;0
858;8;NA
859;11;2
859;0;2
859;9;0
859;1;1
859;9;1
859;6;1
859;8;1
859;10;2
859;4;1
859;7;1
859;9;0
859;8;NA
860;5;0
860;4;0
860;11;2
860;0;1
860;1;0
860;9;0
860;6;1
860;8;0
860;0;2
860;4;2
860;0;1
860;3;0
860;8;NA
861;2;2
861;1;1
861;9;1
861;6;2
861;10;2
861;4;2
861;0;2
861;3;NA
862;11;2
862;0;0
862;9;1
862;9;1
862;6;1
862;10;2
862;4;1
862;7;2
862;0;0
862;8;NA
863;5;1
863;4;0
863;0;0
863;9;0
863;9;0
863;6;1
863;8;1
863;10;2
863;4;1
863;7;2
863;0;1
863;3;NA
864;0;0
864;9;2
864;6;1
864;8;0
864;0;0
864;7;2
864;0;0
864;8;NA
865;5;0
865;4;0
865;11;2
865;0;0
865;1;2
865;10;2
865;4;2
865;0;0
865;8;NA
866;4;0
866;2;0
866;1;2
866;10;2
866;4;2
866;0;0
866;8;NA
867;5;1
867;11;2
867;0;1
867;1;2
867;10;2
867;4;1
867;7;2
867;0;0
867;8;NA
868;5;1
868;11;0
868;9;1
868;9;0
868;6;0
868;5;1
868;10;2
868;4;1
868;7;2
868;9;2
868;3;1
868;8;NA
869;5;0
869;2;0
869;1;1
869;9;1
869;6;0
869;5;1
869;10;2
869;4;2
869;0;0
869;8;NA
870;4;0
870;11;0
870;9;1
870;9;0
870;6;1
870;5;0
870;10;2
870;4;2
870;0;0
870;8;NA
871;5;1
871;4;0
871;11;2
871;0;0
871;1;0
871;9;1
871;6;1
871;10;2
871;4;1
871;7;2
871;0;1
871;3;NA
872;5;1
872;4;0
872;11;2
872;0;0
872;9;2
872;6;1
872;8;1
872;0;0
872;4;1
872;7;2
872;0;0
872;8;NA
873;5;0
873;11;2
873;0;2
873;9;0
873;9;1
873;6;1
873;8;1
873;10;2
873;4;1
873;7;1
873;9;2
873;8;NA
874;2;2
874;1;1
874;9;0
874;6;1
874;8;1
874;0;0
874;4;2
874;0;NA
875;5;0
875;4;2
875;0;2
875;9;0
875;1;1
875;9;1
875;6;1
875;10;2
875;4;1
875;7;2
875;0;0
875;8;NA
876;5;2
876;2;0
876;1;2
876;10;2
876;4;2
876;0;0
876;8;NA
877;11;1
877;9;2
877;6;1
877;8;1
877;10;2
877;4;2
877;0;NA
878;5;0
878;2;2
878;1;1
878;9;1
878;6;1
878;10;2
878;4;1
878;7;1
878;9;2
878;8;NA
879;5;0
879;11;2
879;0;0
879;9;0
879;1;2
879;10;2
879;4;1
879;7;2
879;0;0
879;8;NA
880;5;2
880;11;1
880;9;2
880;6;1
880;5;0
880;10;2
880;4;2
880;0;1
880;3;1
880;8;NA
881;5;0
881;4;2
881;0;0
881;1;2
881;10;2
881;4;1
881;7;2
881;0;0
881;8;NA
882;5;0
882;2;2
882;1;2
882;10;2
882;4;2
882;0;NA
883;4;0
883;11;0
883;9;0
883;1;2
883;10;2
883;4;1
883;7;0
883;9;2
883;3;1
883;8;NA
884;5;2
884;11;1
884;9;0
884;9;1
884;6;1
884;10;2
884;4;1
884;7;2
884;9;0
884;8;NA
885;5;1
885;4;0
885;0;0
885;9;2
885;6;1
885;8;1
885;10;2
885;4;2
885;0;2
885;3;0
885;8;NA
886;5;2
886;2;2
886;1;2
886;10;2
886;4;1
886;7;2
886;0;NA
887;11;2
887;0;1
887;1;0
887;9;0
887;6;2
887;10;2
887;4;2
887;0;0
887;8;NA
888;11;1
888;9;2
888;1;2
888;10;2
888;4;1
888;7;2
888;0;NA
889;5;0
889;11;2
889;0;0
889;1;2
889;10;2
889;4;1
889;7;0
889;9;2
889;3;0
889;8;NA
890;5;0
890;2;0
890;1;2
890;10;2
890;4;1
890;7;0
890;9;2
890;8;NA
891;5;0
891;11;2
891;0;0
891;9;1
891;9;0
891;6;1
891;10;2
891;4;1
891;7;2
891;0;1
891;3;0
891;8;NA
892;5;1
892;4;0
892;0;0
892;1;2
892;10;2
892;4;2
892;0;0
892;8;NA
893;5;0
893;2;2
893;1;2
893;10;2
893;4;2
893;0;1
893;3;NA
894;4;1
894;2;0
894;1;2
894;10;2
894;4;1
894;7;2
894;0;NA
895;5;0
895;11;1
895;9;0
895;9;1
895;6;0
895;5;0
895;10;2
895;4;1
895;7;1
895;9;2
895;3;NA
896;0;0
896;9;2
896;1;0
896;9;0
896;6;1
896;8;1
896;10;2
896;4;2
896;0;NA
897;5;2
897;11;2
897;0;1
897;1;2
897;10;2
897;4;2
897;0;1
897;3;1
897;8;NA
898;5;1
898;11;2
898;0;0
898;9;2
898;6;1
898;10;2
898;4;2
898;0;0
898;8;NA
899;5;1
899;11;2
899;0;2
899;9;2
899;1;2
899;10;2
899;4;2
899;0;1
899;3;NA
900;5;0
900;11;0
900;9;0
900;9;1
900;6;1
900;8;1
900;10;2
900;4;2
900;0;1
900;3;NA
901;5;0
901;2;0
901;1;2
901;10;2
901;4;1
901;7;2
901;9;0
901;8;NA
902;5;1
902;11;0
902;9;2
902;6;1
902;8;0
902;0;0
902;7;1
902;9;2
902;8;NA
903;5;1
903;11;2
903;0;0
903;9;2
903;6;1
903;10;2
903;4;2
903;0;2
903;3;1
903;8;NA
904;11;0
904;9;2
904;1;2
904;10;2
904;4;1
904;7;1
904;9;2
904;3;0
904;8;NA
905;5;1
905;11;0
905;9;2
905;1;2
905;10;2
905;4;2
905;0;1
905;3;1
905;8;NA
906;5;2
906;11;2
906;0;1
906;1;2
906;10;2
906;4;2
906;0;2
906;3;NA
907;4;0
907;2;2
907;1;2
907;10;2
907;4;2
907;0;1
907;3;1
907;8;NA
908;5;1
908;4;0
908;11;2
908;0;2
908;9;2
908;1;0
908;9;1
908;6;0
908;5;1
908;10;2
908;4;2
908;0;0
908;8;NA
909;11;1
909;9;2
909;1;2
909;10;2
909;4;1
909;7;2
909;0;1
909;3;0
909;8;NA
910;4;0
910;11;1
910;9;0
910;1;1
910;9;1
910;6;0
910;5;1
910;10;2
910;4;1
910;7;2
910;9;2
910;8;NA
911;5;2
911;2;2
911;1;2
911;10;2
911;4;1
911;7;2
911;0;1
911;3;1
911;8;NA
912;5;2
912;2;0
912;1;2
912;10;2
912;4;1
912;7;1
912;9;2
912;3;NA
913;5;0
913;2;0
913;1;1
913;9;1
913;6;2
913;10;2
913;4;1
913;7;0
913;9;2
913;3;NA
914;5;0
914;4;2
914;0;0
914;1;2
914;10;2
914;4;2
914;0;1
914;3;0
914;8;NA
915;5;1
915;11;0
915;9;2
915;1;2
915;10;2
915;4;1
915;7;1
915;9;2
915;3;NA
916;4;0
916;2;2
916;1;1
916;9;0
916;6;2
916;10;2
916;4;2
916;0;2
916;3;0
916;8;NA
917;5;2
917;2;2
917;1;1
917;9;0
917;6;1
917;5;0
917;10;2
917;4;1
917;7;2
917;0;0
917;8;NA
918;4;0
918;11;2
918;0;0
918;9;0
918;1;0
918;9;0
918;6;2
918;10;2
918;4;1
918;7;2
918;0;0
918;8;NA
919;5;1
919;4;0
919;11;1
919;9;2
919;6;0
919;5;0
919;10;2
919;4;2
919;0;1
919;3;0
919;8;NA
920;4;0
920;11;1
920;9;0
920;9;0
920;6;1
920;8;1
920;10;2
920;4;1
920;7;1
920;9;2
920;3;NA
921;5;0
921;4;0
921;0;2
921;9;0
921;9;1
921;6;2
921;10;2
921;4;1
921;7;2
921;9;2
921;8;NA
922;5;2
922;11;2
922;0;1
922;1;0
922;9;1
922;6;1
922;5;0
922;10;2
922;4;2
922;0;0
922;8;NA
923;5;0
923;11;1
923;9;0
923;1;2
923;10;2
923;4;2
923;0;2
923;3;1
923;8;NA
924;5;0
924;4;1
924;0;0
924;1;2
924;10;2
924;4;1
924;7;2
924;0;0
924;8;NA
925;5;0
925;4;0
925;11;2
925;0;2
925;9;2
925;6;2
925;10;2
925;4;1
925;7;2
925;0;NA
926;5;2
926;2;2
926;1;2
926;10;2
926;4;2
926;0;2
926;3;0
926;8;NA
927;4;0
927;11;0
927;9;0
927;1;2
927;10;2
927;4;1
927;7;0
927;9;2
927;3;0
927;8;NA
928;5;0
928;4;1
928;0;1
928;1;0
928;9;1
928;6;1
928;10;2
928;4;1
928;7;2
928;0;1
928;3;0
928;8;NA
929;4;0
929;11;2
929;0;0
929;1;2
929;10;2
929;4;2
929;0;2
929;3;0
929;8;NA
930;5;2
930;2;0
930;1;1
930;9;1
930;6;1
930;8;0
930;0;0
930;7;0
930;9;0
930;8;NA
931;0;2
931;9;2
931;1;2
931;10;2
931;4;1
931;7;2
931;0;0
931;8;NA
932;5;0
932;2;0
932;1;2
932;10;2
932;4;2
932;0;1
932;3;1
932;8;NA
933;5;0
933;2;0
933;1;2
933;10;2
933;4;2
933;0;0
933;8;NA
934;5;2
934;11;1
934;9;1
934;9;1
934;6;1
934;8;2
934;0;2
934;4;2
934;0;0
934;8;NA
935;5;0
935;2;2
935;1;2
935;10;2
935;4;2
935;0;1
935;3;1
935;8;NA
936;5;0
936;4;0
936;0;0
936;1;2
936;10;2
936;4;2
936;0;0
936;8;NA
937;5;1
937;4;2
937;0;2
937;9;1
937;9;1
937;6;0
937;5;1
937;10;2
937;4;1
937;7;2
937;9;2
937;3;NA
938;5;0
938;11;0
938;9;2
938;1;2
938;10;2
938;4;2
938;0;0
938;8;NA
939;4;0
939;11;1
939;9;2
939;6;1
939;5;1
939;10;2
939;4;1
939;7;0
939;9;0
939;8;NA
940;4;2
940;0;0
940;9;1
940;9;1
940;6;1
940;5;0
940;10;2
940;4;2
940;0;0
940;8;NA
941;5;0
941;4;2
941;2;2
941;1;1
941;9;1
941;6;0
941;5;1
941;10;2
941;4;1
941;7;2
941;0;0
941;8;NA
942;11;1
942;9;1
942;9;0
942;6;1
942;10;2
942;4;2
942;0;0
942;8;NA
943;4;1
943;0;1
943;1;2
943;10;2
943;4;2
943;0;1
943;3;1
943;8;NA
944;5;0
944;11;2
944;0;0
944;9;2
944;6;1
944;8;1
944;0;0
944;7;0
944;9;2
944;3;0
944;8;NA
945;5;0
945;4;1
945;2;0
945;1;2
945;10;2
945;4;2
945;0;2
945;3;1
945;8;NA
946;5;1
946;4;2
946;2;2
946;1;2
946;10;2
946;4;2
946;0;1
946;3;0
946;8;NA
947;5;2
947;2;2
947;1;2
947;10;2
947;4;2
947;0;2
947;3;NA
948;5;0
948;2;2
948;1;0
948;9;0
948;6;2
948;10;2
948;4;2
948;0;0
948;8;NA
949;4;1
949;2;2
949;1;1
949;9;0
949;6;1
949;8;1
949;0;1
949;9;2
949;8;NA
950;5;1
950;4;0
950;0;0
950;1;2
950;10;2
950;4;1
950;7;2
950;9;2
950;3;NA
951;5;0
951;11;1
951;9;2
951;1;2
951;10;2
951;4;2
951;0;0
951;8;NA
952;5;1
952;11;2
952;0;1
952;1;2
952;10;2
952;4;1
952;7;2
952;9;2
952;8;NA
953;11;0
953;9;2
953;6;1
953;8;0
953;0;1
953;9;2
953;3;NA
954;4;1
954;0;0
954;1;2
954;10;2
954;4;2
954;0;2
954;3;1
954;8;NA
955;5;2
955;2;2
955;1;2
955;10;2
955;4;1
955;7;2
955;0;0
955;8;NA
956;2;2
956;1;0
956;9;1
956;6;0
956;5;0
956;10;2
956;4;1
956;7;2
956;9;2
956;3;1
956;8;NA
957;4;1
957;0;2
957;9;0
957;1;2
957;10;2
957;4;2
957;0;1
957;3;0
957;8;NA
958;5;0
958;11;0
958;9;0
958;1;0
958;9;0
958;6;1
958;8;1
958;10;2
958;4;2
958;0;0
958;8;NA
959;5;0
959;2;2
959;1;2
959;10;2
959;4;2
959;0;1
959;3;0
959;8;NA
960;5;1
960;11;2
960;0;2
960;9;2
960;6;1
960;8;1
960;10;2
960;4;1
960;7;2
960;0;0
960;8;NA
961;5;1
961;4;2
961;2;0
961;1;0
961;9;1
961;6;1
961;5;0
961;10;2
961;4;2
961;0;1
961;3;0
961;8;NA
962;5;1
962;11;0
962;9;2
962;1;1
962;9;0
962;6;2
962;10;2
962;4;2
962;0;1
962;3;NA
963;4;1
963;0;2
963;9;2
963;6;1
963;5;1
963;10;2
963;4;1
963;7;2
963;0;0
963;8;NA
964;5;2
964;11;1
964;9;0
964;1;0
964;9;0
964;6;1
964;5;1
964;10;2
964;4;2
964;0;2
964;3;NA
965;5;2
965;11;2
965;0;1
965;1;0
965;9;1
965;6;1
965;8;1
965;10;2
965;4;2
965;0;NA
966;11;2
966;0;2
966;9;2
966;6;1
966;10;2
966;4;1
966;7;2
966;0;0
966;8;NA
967;5;2
967;11;2
967;0;0
967;1;0
967;9;0
967;6;2
967;10;2
967;4;2
967;0;1
967;3;NA
968;5;2
968;11;2
968;0;0
968;1;2
968;10;2
968;4;2
968;0;0
968;8;NA
969;5;1
969;11;0
969;9;2
969;6;0
969;5;0
969;10;2
969;4;1
969;7;2
969;0;0
969;8;NA
970;5;0
970;4;0
970;0;2
970;9;0
970;9;0
970;6;0
970;5;1
970;10;2
970;4;2
970;0;0
970;8;NA
971;5;2
971;11;2
971;0;1
971;1;2
971;10;2
971;4;2
971;0;2
971;3;NA
972;5;2
972;2;2
972;1;2
972;10;2
972;4;1
972;7;2
972;0;1
972;3;NA
973;4;0
973;0;0
973;9;1
973;9;1
973;6;0
973;5;1
973;10;2
973;4;2
973;0;1
973;3;NA
974;11;2
974;0;1
974;1;0
974;9;1
974;6;1
974;5;1
974;10;2
974;4;1
974;7;2
974;9;2
974;3;1
974;8;NA
975;4;0
975;11;1
975;9;2
975;6;0
975;5;1
975;10;2
975;4;2
975;0;NA
976;5;1
976;11;1
976;9;0
976;1;1
976;9;0
976;6;2
976;10;2
976;4;2
976;0;1
976;3;0
976;8;NA
977;4;0
977;0;2
977;9;2
977;6;1
977;8;1
977;0;0
977;7;0
977;9;2
977;8;NA
978;4;2
978;2;0
978;1;2
978;10;2
978;4;1
978;7;2
978;0;1
978;3;1
978;8;NA
979;5;0
979;2;0
979;1;2
979;10;2
979;4;2
979;0;1
979;3;NA
980;5;1
980;11;2
980;0;2
980;9;1
980;9;0
980;6;1
980;8;2
980;0;0
980;4;1
980;7;2
980;0;0
980;8;NA
981;5;0
981;4;0
981;0;0
981;1;1
981;9;0
981;6;1
981;10;2
981;4;2
981;0;0
981;8;NA
982;5;1
982;11;2
982;0;1
982;1;0
982;9;1
982;6;0
982;5;1
982;10;2
982;4;2
982;0;2
982;3;0
982;8;NA
983;4;2
983;2;0
983;1;1
983;9;0
983;6;2
983;10;2
983;4;2
983;0;NA
984;4;0
984;2;2
984;1;0
984;9;1
984;6;1
984;10;2
984;4;1
984;7;1
984;9;0
984;8;NA
985;0;0
985;9;0
985;9;1
985;6;1
985;5;1
985;10;2
985;4;2
985;0;NA
986;4;2
986;0;0
986;9;1
986;9;1
986;6;0
986;5;0
986;10;2
986;4;2
986;0;0
986;8;NA
987;4;0
987;2;2
987;1;2
987;10;2
987;4;2
987;0;0
987;8;NA
988;5;1
988;4;0
988;11;1
988;9;2
988;6;1
988;5;0
988;10;2
988;4;2
988;0;1
988;3;0
988;8;NA
989;5;0
989;11;2
989;0;2
989;9;1
989;9;1
989;6;1
989;8;0
989;0;2
989;4;2
989;0;1
989;3;NA
990;5;0
990;4;0
990;0;1
990;1;1
990;9;0
990;6;1
990;8;2
990;0;2
990;9;2
990;3;NA
991;5;0
991;4;0
991;11;0
991;9;1
991;9;1
991;6;1
991;10;2
991;4;2
991;0;0
991;8;NA
992;5;0
992;2;2
992;1;1
992;9;1
992;6;1
992;5;1
992;10;2
992;4;2
992;0;0
992;8;NA
993;5;1
993;11;0
993;9;1
993;9;0
993;6;1
993;5;1
993;10;2
993;4;1
993;7;1
993;9;2
993;8;NA
994;5;0
994;4;2
994;0;0
994;1;1
994;9;1
994;6;2
994;10;2
994;4;1
994;7;1
994;9;2
994;3;0
994;8;NA
995;4;2
995;2;2
995;1;0
995;9;0
995;6;1
995;8;2
995;0;2
995;4;1
995;7;2
995;9;2
995;3;1
995;8;NA
996;4;0
996;11;2
996;0;1
996;1;2
996;10;2
996;4;2
996;0;1
996;3;0
996;8;NA
997;5;0
997;2;2
997;1;2
997;10;2
997;4;2
997;0;0
997;8;NA
998;5;1
998;11;0
998;9;2
998;6;0
998;5;1
998;10;2
998;4;1
998;7;2
998;0;2
998;3;NA
999;4;1
999;0;0
999;9;0
999;1;0
999;9;1
999;6;1
999;8;0
999;0;2
999;9;2
999;8;NA
